com.google.gson.ExclusionStrategy,com.google.gson.GsonBuilder,4,
com.google.gson.ExclusionStrategy,com.google.gson.internal.Excluder,14,
com.google.gson.FieldAttributes,com.google.gson.ExclusionStrategy,3,
com.google.gson.FieldAttributes,com.google.gson.internal.Excluder,3,
com.google.gson.FieldNamingPolicy,com.google.gson.FieldNamingPolicy$1,3,
com.google.gson.FieldNamingPolicy,com.google.gson.FieldNamingPolicy$2,3,
com.google.gson.FieldNamingPolicy,com.google.gson.FieldNamingPolicy$3,3,
com.google.gson.FieldNamingPolicy,com.google.gson.FieldNamingPolicy$4,3,
com.google.gson.FieldNamingPolicy,com.google.gson.FieldNamingPolicy$5,3,
com.google.gson.FieldNamingPolicy,com.google.gson.FieldNamingPolicy$6,3,
com.google.gson.FieldNamingPolicy,com.google.gson.FieldNamingPolicy$7,3,
com.google.gson.FieldNamingPolicy,com.google.gson.Gson,3,
com.google.gson.FieldNamingPolicy,com.google.gson.GsonBuilder,7,
com.google.gson.FieldNamingPolicy$1,com.google.gson.FieldNamingPolicy,6,
com.google.gson.FieldNamingPolicy$2,com.google.gson.FieldNamingPolicy,2,
com.google.gson.FieldNamingPolicy$3,com.google.gson.FieldNamingPolicy,2,
com.google.gson.FieldNamingPolicy$4,com.google.gson.FieldNamingPolicy,2,
com.google.gson.FieldNamingPolicy$5,com.google.gson.FieldNamingPolicy,2,
com.google.gson.FieldNamingPolicy$6,com.google.gson.FieldNamingPolicy,2,
com.google.gson.FieldNamingPolicy$7,com.google.gson.FieldNamingPolicy,2,
com.google.gson.FieldNamingStrategy,com.google.gson.FieldNamingPolicy,3,
com.google.gson.FieldNamingStrategy,com.google.gson.Gson,10,
com.google.gson.FieldNamingStrategy,com.google.gson.GsonBuilder,10,
com.google.gson.FieldNamingStrategy,com.google.gson.internal.bind.ReflectiveTypeAdapterFactory,9,
com.google.gson.Gson,com.google.gson.Gson$1,10,
com.google.gson.Gson,com.google.gson.Gson$2,10,
com.google.gson.Gson,com.google.gson.GsonBuilder,12,
com.google.gson.Gson,com.google.gson.TypeAdapterFactory,3,
com.google.gson.Gson,com.google.gson.internal.Excluder,4,
com.google.gson.Gson,com.google.gson.internal.Excluder$1,8,
com.google.gson.Gson,com.google.gson.internal.bind.ArrayTypeAdapter,4,
com.google.gson.Gson,com.google.gson.internal.bind.ArrayTypeAdapter$1,6,
com.google.gson.Gson,com.google.gson.internal.bind.CollectionTypeAdapterFactory,4,
com.google.gson.Gson,com.google.gson.internal.bind.CollectionTypeAdapterFactory$Adapter,4,
com.google.gson.Gson,com.google.gson.internal.bind.DateTypeAdapter$1,4,
com.google.gson.Gson,com.google.gson.internal.bind.JsonAdapterAnnotationTypeAdapterFactory,4,
com.google.gson.Gson,com.google.gson.internal.bind.MapTypeAdapterFactory,4,
com.google.gson.Gson,com.google.gson.internal.bind.MapTypeAdapterFactory$Adapter,4,
com.google.gson.Gson,com.google.gson.internal.bind.NumberTypeAdapter$1,4,
com.google.gson.Gson,com.google.gson.internal.bind.ObjectTypeAdapter,9,
com.google.gson.Gson,com.google.gson.internal.bind.ObjectTypeAdapter$1,4,
com.google.gson.Gson,com.google.gson.internal.bind.ReflectiveTypeAdapterFactory,4,
com.google.gson.Gson,com.google.gson.internal.bind.ReflectiveTypeAdapterFactory$1,6,
com.google.gson.Gson,com.google.gson.internal.bind.TreeTypeAdapter,9,
com.google.gson.Gson,com.google.gson.internal.bind.TreeTypeAdapter$GsonContextImpl,7,
com.google.gson.Gson,com.google.gson.internal.bind.TreeTypeAdapter$SingleTypeFactory,4,
com.google.gson.Gson,com.google.gson.internal.bind.TypeAdapterRuntimeTypeWrapper,9,
com.google.gson.Gson,com.google.gson.internal.bind.TypeAdapters$29,4,
com.google.gson.Gson,com.google.gson.internal.bind.TypeAdapters$30,4,
com.google.gson.Gson,com.google.gson.internal.bind.TypeAdapters$31,4,
com.google.gson.Gson,com.google.gson.internal.bind.TypeAdapters$32,4,
com.google.gson.Gson,com.google.gson.internal.bind.TypeAdapters$33,4,
com.google.gson.Gson,com.google.gson.internal.bind.TypeAdapters$34,4,
com.google.gson.Gson,com.google.gson.internal.sql.SqlDateTypeAdapter$1,4,
com.google.gson.Gson,com.google.gson.internal.sql.SqlTimeTypeAdapter$1,4,
com.google.gson.Gson,com.google.gson.internal.sql.SqlTimestampTypeAdapter$1,6,
com.google.gson.Gson$1,com.google.gson.Gson,2,
com.google.gson.Gson$2,com.google.gson.Gson,2,
com.google.gson.Gson$3,com.google.gson.Gson,2,
com.google.gson.Gson$4,com.google.gson.Gson,5,
com.google.gson.Gson$5,com.google.gson.Gson,5,
com.google.gson.Gson$FutureTypeAdapter,com.google.gson.Gson,5,
com.google.gson.GsonBuilder,com.google.gson.Gson,5,
com.google.gson.InstanceCreator,com.google.gson.Gson,3,
com.google.gson.InstanceCreator,com.google.gson.GsonBuilder,6,
com.google.gson.InstanceCreator,com.google.gson.internal.ConstructorConstructor,7,
com.google.gson.InstanceCreator,com.google.gson.internal.ConstructorConstructor$1,8,
com.google.gson.InstanceCreator,com.google.gson.internal.ConstructorConstructor$2,8,
com.google.gson.JsonArray,com.google.gson.JsonElement,6,
com.google.gson.JsonArray,com.google.gson.JsonObject,6,
com.google.gson.JsonArray,com.google.gson.internal.bind.JsonTreeReader,6,
com.google.gson.JsonArray,com.google.gson.internal.bind.JsonTreeWriter,8,
com.google.gson.JsonArray,com.google.gson.internal.bind.TypeAdapters$28,10,
com.google.gson.JsonDeserializationContext,com.google.gson.JsonDeserializer,3,
com.google.gson.JsonDeserializationContext,com.google.gson.internal.bind.TreeTypeAdapter$GsonContextImpl,3,
com.google.gson.JsonDeserializer,com.google.gson.GsonBuilder,3,
com.google.gson.JsonDeserializer,com.google.gson.internal.bind.JsonAdapterAnnotationTypeAdapterFactory,4,
com.google.gson.JsonDeserializer,com.google.gson.internal.bind.TreeTypeAdapter,9,
com.google.gson.JsonDeserializer,com.google.gson.internal.bind.TreeTypeAdapter$SingleTypeFactory,6,
com.google.gson.JsonElement,com.google.gson.Gson,10,
com.google.gson.JsonElement,com.google.gson.JsonArray,42,
com.google.gson.JsonElement,com.google.gson.JsonDeserializationContext,3,
com.google.gson.JsonElement,com.google.gson.JsonDeserializer,3,
com.google.gson.JsonElement,com.google.gson.JsonNull,6,
com.google.gson.JsonElement,com.google.gson.JsonObject,18,
com.google.gson.JsonElement,com.google.gson.JsonParser,6,
com.google.gson.JsonElement,com.google.gson.JsonPrimitive,6,
com.google.gson.JsonElement,com.google.gson.JsonSerializationContext,3,
com.google.gson.JsonElement,com.google.gson.JsonSerializer,3,
com.google.gson.JsonElement,com.google.gson.JsonStreamParser,3,
com.google.gson.JsonElement,com.google.gson.LongSerializationPolicy,3,
com.google.gson.JsonElement,com.google.gson.LongSerializationPolicy$1,3,
com.google.gson.JsonElement,com.google.gson.LongSerializationPolicy$2,3,
com.google.gson.JsonElement,com.google.gson.TypeAdapter,4,
com.google.gson.JsonElement,com.google.gson.internal.Streams,10,
com.google.gson.JsonElement,com.google.gson.internal.bind.JsonTreeReader,10,
com.google.gson.JsonElement,com.google.gson.internal.bind.JsonTreeWriter,18,
com.google.gson.JsonElement,com.google.gson.internal.bind.MapTypeAdapterFactory$Adapter,20,
com.google.gson.JsonElement,com.google.gson.internal.bind.TreeTypeAdapter,3,
com.google.gson.JsonElement,com.google.gson.internal.bind.TreeTypeAdapter$GsonContextImpl,7,
com.google.gson.JsonElement,com.google.gson.internal.bind.TypeAdapters,3,
com.google.gson.JsonElement,com.google.gson.internal.bind.TypeAdapters$28,27,
com.google.gson.JsonIOException,com.google.gson.Gson,2,
com.google.gson.JsonIOException,com.google.gson.JsonParser,2,
com.google.gson.JsonIOException,com.google.gson.JsonStreamParser,2,
com.google.gson.JsonIOException,com.google.gson.TypeAdapter,2,
com.google.gson.JsonIOException,com.google.gson.internal.ConstructorConstructor$20,2,
com.google.gson.JsonIOException,com.google.gson.internal.ConstructorConstructor$3,2,
com.google.gson.JsonIOException,com.google.gson.internal.ConstructorConstructor$4,2,
com.google.gson.JsonIOException,com.google.gson.internal.ConstructorConstructor$5,2,
com.google.gson.JsonIOException,com.google.gson.internal.ConstructorConstructor$6,2,
com.google.gson.JsonIOException,com.google.gson.internal.ConstructorConstructor$7,2,
com.google.gson.JsonIOException,com.google.gson.internal.ConstructorConstructor$8,2,
com.google.gson.JsonIOException,com.google.gson.internal.Streams,2,
com.google.gson.JsonIOException,com.google.gson.internal.bind.ReflectiveTypeAdapterFactory,2,
com.google.gson.JsonIOException,com.google.gson.internal.bind.ReflectiveTypeAdapterFactory$1,2,
com.google.gson.JsonIOException,com.google.gson.internal.bind.TypeAdapters$22,2,
com.google.gson.JsonIOException,com.google.gson.internal.reflect.ReflectionHelper,2,
com.google.gson.JsonNull,com.google.gson.Gson,3,
com.google.gson.JsonNull,com.google.gson.JsonArray,3,
com.google.gson.JsonNull,com.google.gson.JsonElement,6,
com.google.gson.JsonNull,com.google.gson.JsonObject,3,
com.google.gson.JsonNull,com.google.gson.LongSerializationPolicy$1,3,
com.google.gson.JsonNull,com.google.gson.LongSerializationPolicy$2,3,
com.google.gson.JsonNull,com.google.gson.internal.Streams,3,
com.google.gson.JsonNull,com.google.gson.internal.bind.JsonTreeReader,3,
com.google.gson.JsonNull,com.google.gson.internal.bind.JsonTreeWriter,3,
com.google.gson.JsonNull,com.google.gson.internal.bind.TypeAdapters$28,3,
com.google.gson.JsonObject,com.google.gson.JsonElement,6,
com.google.gson.JsonObject,com.google.gson.internal.bind.JsonTreeReader,6,
com.google.gson.JsonObject,com.google.gson.internal.bind.JsonTreeWriter,8,
com.google.gson.JsonObject,com.google.gson.internal.bind.TypeAdapters$28,10,
com.google.gson.JsonParseException,com.google.gson.JsonIOException,3,
com.google.gson.JsonParseException,com.google.gson.JsonParser,2,
com.google.gson.JsonParseException,com.google.gson.JsonStreamParser,2,
com.google.gson.JsonParseException,com.google.gson.JsonSyntaxException,3,
com.google.gson.JsonParseException,com.google.gson.ToNumberPolicy$3,2,
com.google.gson.JsonParseException,com.google.gson.ToNumberPolicy$4,2,
com.google.gson.JsonParseException,com.google.gson.internal.bind.ReflectiveTypeAdapterFactory$1,2,
com.google.gson.JsonPrimitive,com.google.gson.JsonArray,3,
com.google.gson.JsonPrimitive,com.google.gson.JsonElement,6,
com.google.gson.JsonPrimitive,com.google.gson.JsonObject,9,
com.google.gson.JsonPrimitive,com.google.gson.LongSerializationPolicy$1,2,
com.google.gson.JsonPrimitive,com.google.gson.LongSerializationPolicy$2,2,
com.google.gson.JsonPrimitive,com.google.gson.internal.bind.JsonTreeReader,22,
com.google.gson.JsonPrimitive,com.google.gson.internal.bind.JsonTreeWriter,6,
com.google.gson.JsonPrimitive,com.google.gson.internal.bind.MapTypeAdapterFactory$Adapter,13,
com.google.gson.JsonPrimitive,com.google.gson.internal.bind.TypeAdapters$28,13,
com.google.gson.JsonSerializationContext,com.google.gson.JsonSerializer,3,
com.google.gson.JsonSerializationContext,com.google.gson.internal.bind.TreeTypeAdapter$GsonContextImpl,3,
com.google.gson.JsonSerializer,com.google.gson.GsonBuilder,3,
com.google.gson.JsonSerializer,com.google.gson.internal.bind.JsonAdapterAnnotationTypeAdapterFactory,4,
com.google.gson.JsonSerializer,com.google.gson.internal.bind.TreeTypeAdapter,9,
com.google.gson.JsonSerializer,com.google.gson.internal.bind.TreeTypeAdapter$SingleTypeFactory,6,
com.google.gson.JsonSyntaxException,com.google.gson.Gson,2,
com.google.gson.JsonSyntaxException,com.google.gson.JsonParser,2,
com.google.gson.JsonSyntaxException,com.google.gson.JsonStreamParser,2,
com.google.gson.JsonSyntaxException,com.google.gson.internal.Streams,2,
com.google.gson.JsonSyntaxException,com.google.gson.internal.bind.DateTypeAdapter,2,
com.google.gson.JsonSyntaxException,com.google.gson.internal.bind.DefaultDateTypeAdapter,2,
com.google.gson.JsonSyntaxException,com.google.gson.internal.bind.MapTypeAdapterFactory$Adapter,2,
com.google.gson.JsonSyntaxException,com.google.gson.internal.bind.NumberTypeAdapter,2,
com.google.gson.JsonSyntaxException,com.google.gson.internal.bind.ReflectiveTypeAdapterFactory$Adapter,2,
com.google.gson.JsonSyntaxException,com.google.gson.internal.bind.TypeAdapters$10,2,
com.google.gson.JsonSyntaxException,com.google.gson.internal.bind.TypeAdapters$11,2,
com.google.gson.JsonSyntaxException,com.google.gson.internal.bind.TypeAdapters$14,2,
com.google.gson.JsonSyntaxException,com.google.gson.internal.bind.TypeAdapters$16,2,
com.google.gson.JsonSyntaxException,com.google.gson.internal.bind.TypeAdapters$17,2,
com.google.gson.JsonSyntaxException,com.google.gson.internal.bind.TypeAdapters$2,2,
com.google.gson.JsonSyntaxException,com.google.gson.internal.bind.TypeAdapters$24,2,
com.google.gson.JsonSyntaxException,com.google.gson.internal.bind.TypeAdapters$25,2,
com.google.gson.JsonSyntaxException,com.google.gson.internal.bind.TypeAdapters$34$1,2,
com.google.gson.JsonSyntaxException,com.google.gson.internal.bind.TypeAdapters$5,2,
com.google.gson.JsonSyntaxException,com.google.gson.internal.bind.TypeAdapters$6,2,
com.google.gson.JsonSyntaxException,com.google.gson.internal.bind.TypeAdapters$7,2,
com.google.gson.JsonSyntaxException,com.google.gson.internal.bind.TypeAdapters$8,2,
com.google.gson.JsonSyntaxException,com.google.gson.internal.sql.SqlDateTypeAdapter,2,
com.google.gson.JsonSyntaxException,com.google.gson.internal.sql.SqlTimeTypeAdapter,2,
com.google.gson.LongSerializationPolicy,com.google.gson.Gson,10,
com.google.gson.LongSerializationPolicy,com.google.gson.GsonBuilder,13,
com.google.gson.LongSerializationPolicy,com.google.gson.LongSerializationPolicy$1,3,
com.google.gson.LongSerializationPolicy,com.google.gson.LongSerializationPolicy$2,3,
com.google.gson.LongSerializationPolicy$1,com.google.gson.LongSerializationPolicy,6,
com.google.gson.LongSerializationPolicy$2,com.google.gson.LongSerializationPolicy,2,
com.google.gson.ReflectionAccessFilter,com.google.gson.Gson,3,
com.google.gson.ReflectionAccessFilter,com.google.gson.GsonBuilder,7,
com.google.gson.ReflectionAccessFilter,com.google.gson.ReflectionAccessFilter$1,3,
com.google.gson.ReflectionAccessFilter,com.google.gson.ReflectionAccessFilter$2,3,
com.google.gson.ReflectionAccessFilter,com.google.gson.ReflectionAccessFilter$3,3,
com.google.gson.ReflectionAccessFilter,com.google.gson.ReflectionAccessFilter$4,3,
com.google.gson.ReflectionAccessFilter,com.google.gson.internal.ConstructorConstructor,3,
com.google.gson.ReflectionAccessFilter,com.google.gson.internal.ReflectionAccessFilterHelper,9,
com.google.gson.ReflectionAccessFilter,com.google.gson.internal.bind.ReflectiveTypeAdapterFactory,3,
com.google.gson.ReflectionAccessFilter$1,com.google.gson.ReflectionAccessFilter,2,
com.google.gson.ReflectionAccessFilter$2,com.google.gson.ReflectionAccessFilter,2,
com.google.gson.ReflectionAccessFilter$3,com.google.gson.ReflectionAccessFilter,2,
com.google.gson.ReflectionAccessFilter$4,com.google.gson.ReflectionAccessFilter,2,
com.google.gson.ReflectionAccessFilter$FilterResult,com.google.gson.ReflectionAccessFilter,3,
com.google.gson.ReflectionAccessFilter$FilterResult,com.google.gson.ReflectionAccessFilter$1,6,
com.google.gson.ReflectionAccessFilter$FilterResult,com.google.gson.ReflectionAccessFilter$2,6,
com.google.gson.ReflectionAccessFilter$FilterResult,com.google.gson.ReflectionAccessFilter$3,6,
com.google.gson.ReflectionAccessFilter$FilterResult,com.google.gson.ReflectionAccessFilter$4,6,
com.google.gson.ReflectionAccessFilter$FilterResult,com.google.gson.internal.ConstructorConstructor,7,
com.google.gson.ReflectionAccessFilter$FilterResult,com.google.gson.internal.ReflectionAccessFilterHelper,7,
com.google.gson.ReflectionAccessFilter$FilterResult,com.google.gson.internal.bind.ReflectiveTypeAdapterFactory,4,
com.google.gson.ToNumberPolicy,com.google.gson.Gson,3,
com.google.gson.ToNumberPolicy,com.google.gson.ToNumberPolicy$1,3,
com.google.gson.ToNumberPolicy,com.google.gson.ToNumberPolicy$2,3,
com.google.gson.ToNumberPolicy,com.google.gson.ToNumberPolicy$3,3,
com.google.gson.ToNumberPolicy,com.google.gson.ToNumberPolicy$4,3,
com.google.gson.ToNumberPolicy,com.google.gson.internal.bind.NumberTypeAdapter,3,
com.google.gson.ToNumberPolicy,com.google.gson.internal.bind.ObjectTypeAdapter,3,
com.google.gson.ToNumberPolicy$1,com.google.gson.ToNumberPolicy,6,
com.google.gson.ToNumberPolicy$2,com.google.gson.ToNumberPolicy,2,
com.google.gson.ToNumberPolicy$3,com.google.gson.ToNumberPolicy,2,
com.google.gson.ToNumberPolicy$4,com.google.gson.ToNumberPolicy,2,
com.google.gson.ToNumberStrategy,com.google.gson.Gson,7,
com.google.gson.ToNumberStrategy,com.google.gson.GsonBuilder,10,
com.google.gson.ToNumberStrategy,com.google.gson.ToNumberPolicy,3,
com.google.gson.ToNumberStrategy,com.google.gson.internal.bind.NumberTypeAdapter,9,
com.google.gson.ToNumberStrategy,com.google.gson.internal.bind.ObjectTypeAdapter,9,
com.google.gson.ToNumberStrategy,com.google.gson.internal.bind.ObjectTypeAdapter$1,6,
com.google.gson.TypeAdapter,com.google.gson.Gson,11,
com.google.gson.TypeAdapter,com.google.gson.Gson$1,3,
com.google.gson.TypeAdapter,com.google.gson.Gson$2,3,
com.google.gson.TypeAdapter,com.google.gson.Gson$3,3,
com.google.gson.TypeAdapter,com.google.gson.Gson$4,13,
com.google.gson.TypeAdapter,com.google.gson.Gson$5,13,
com.google.gson.TypeAdapter,com.google.gson.Gson$FutureTypeAdapter,11,
com.google.gson.TypeAdapter,com.google.gson.GsonBuilder,3,
com.google.gson.TypeAdapter,com.google.gson.TypeAdapter$1,14,
com.google.gson.TypeAdapter,com.google.gson.TypeAdapterFactory,3,
com.google.gson.TypeAdapter,com.google.gson.internal.Excluder,3,
com.google.gson.TypeAdapter,com.google.gson.internal.Excluder$1,14,
com.google.gson.TypeAdapter,com.google.gson.internal.Streams,5,
com.google.gson.TypeAdapter,com.google.gson.internal.bind.ArrayTypeAdapter,14,
com.google.gson.TypeAdapter,com.google.gson.internal.bind.ArrayTypeAdapter$1,4,
com.google.gson.TypeAdapter,com.google.gson.internal.bind.CollectionTypeAdapterFactory,4,
com.google.gson.TypeAdapter,com.google.gson.internal.bind.CollectionTypeAdapterFactory$Adapter,14,
com.google.gson.TypeAdapter,com.google.gson.internal.bind.DateTypeAdapter,3,
com.google.gson.TypeAdapter,com.google.gson.internal.bind.DateTypeAdapter$1,3,
com.google.gson.TypeAdapter,com.google.gson.internal.bind.DefaultDateTypeAdapter,3,
com.google.gson.TypeAdapter,com.google.gson.internal.bind.JsonAdapterAnnotationTypeAdapterFactory,9,
com.google.gson.TypeAdapter,com.google.gson.internal.bind.MapTypeAdapterFactory,4,
com.google.gson.TypeAdapter,com.google.gson.internal.bind.MapTypeAdapterFactory$Adapter,16,
com.google.gson.TypeAdapter,com.google.gson.internal.bind.NumberTypeAdapter,3,
com.google.gson.TypeAdapter,com.google.gson.internal.bind.NumberTypeAdapter$1,3,
com.google.gson.TypeAdapter,com.google.gson.internal.bind.ObjectTypeAdapter,6,
com.google.gson.TypeAdapter,com.google.gson.internal.bind.ObjectTypeAdapter$1,3,
com.google.gson.TypeAdapter,com.google.gson.internal.bind.ReflectiveTypeAdapterFactory,4,
com.google.gson.TypeAdapter,com.google.gson.internal.bind.ReflectiveTypeAdapterFactory$1,11,
com.google.gson.TypeAdapter,com.google.gson.internal.bind.ReflectiveTypeAdapterFactory$Adapter,3,
com.google.gson.TypeAdapter,com.google.gson.internal.bind.SerializationDelegatingTypeAdapter,6,
com.google.gson.TypeAdapter,com.google.gson.internal.bind.TreeTypeAdapter,11,
com.google.gson.TypeAdapter,com.google.gson.internal.bind.TreeTypeAdapter$SingleTypeFactory,3,
com.google.gson.TypeAdapter,com.google.gson.internal.bind.TypeAdapterRuntimeTypeWrapper,14,
com.google.gson.TypeAdapter,com.google.gson.internal.bind.TypeAdapters,7,
com.google.gson.TypeAdapter,com.google.gson.internal.bind.TypeAdapters$1,3,
com.google.gson.TypeAdapter,com.google.gson.internal.bind.TypeAdapters$10,3,
com.google.gson.TypeAdapter,com.google.gson.internal.bind.TypeAdapters$11,3,
com.google.gson.TypeAdapter,com.google.gson.internal.bind.TypeAdapters$12,3,
com.google.gson.TypeAdapter,com.google.gson.internal.bind.TypeAdapters$13,3,
com.google.gson.TypeAdapter,com.google.gson.internal.bind.TypeAdapters$14,3,
com.google.gson.TypeAdapter,com.google.gson.internal.bind.TypeAdapters$15,3,
com.google.gson.TypeAdapter,com.google.gson.internal.bind.TypeAdapters$16,3,
com.google.gson.TypeAdapter,com.google.gson.internal.bind.TypeAdapters$17,3,
com.google.gson.TypeAdapter,com.google.gson.internal.bind.TypeAdapters$18,3,
com.google.gson.TypeAdapter,com.google.gson.internal.bind.TypeAdapters$19,3,
com.google.gson.TypeAdapter,com.google.gson.internal.bind.TypeAdapters$2,3,
com.google.gson.TypeAdapter,com.google.gson.internal.bind.TypeAdapters$20,3,
com.google.gson.TypeAdapter,com.google.gson.internal.bind.TypeAdapters$21,3,
com.google.gson.TypeAdapter,com.google.gson.internal.bind.TypeAdapters$22,3,
com.google.gson.TypeAdapter,com.google.gson.internal.bind.TypeAdapters$23,3,
com.google.gson.TypeAdapter,com.google.gson.internal.bind.TypeAdapters$24,3,
com.google.gson.TypeAdapter,com.google.gson.internal.bind.TypeAdapters$25,3,
com.google.gson.TypeAdapter,com.google.gson.internal.bind.TypeAdapters$26,3,
com.google.gson.TypeAdapter,com.google.gson.internal.bind.TypeAdapters$27,3,
com.google.gson.TypeAdapter,com.google.gson.internal.bind.TypeAdapters$28,3,
com.google.gson.TypeAdapter,com.google.gson.internal.bind.TypeAdapters$29,4,
com.google.gson.TypeAdapter,com.google.gson.internal.bind.TypeAdapters$3,3,
com.google.gson.TypeAdapter,com.google.gson.internal.bind.TypeAdapters$30,9,
com.google.gson.TypeAdapter,com.google.gson.internal.bind.TypeAdapters$31,9,
com.google.gson.TypeAdapter,com.google.gson.internal.bind.TypeAdapters$32,9,
com.google.gson.TypeAdapter,com.google.gson.internal.bind.TypeAdapters$33,9,
com.google.gson.TypeAdapter,com.google.gson.internal.bind.TypeAdapters$34,9,
com.google.gson.TypeAdapter,com.google.gson.internal.bind.TypeAdapters$34$1,8,
com.google.gson.TypeAdapter,com.google.gson.internal.bind.TypeAdapters$4,3,
com.google.gson.TypeAdapter,com.google.gson.internal.bind.TypeAdapters$5,3,
com.google.gson.TypeAdapter,com.google.gson.internal.bind.TypeAdapters$6,3,
com.google.gson.TypeAdapter,com.google.gson.internal.bind.TypeAdapters$7,3,
com.google.gson.TypeAdapter,com.google.gson.internal.bind.TypeAdapters$8,3,
com.google.gson.TypeAdapter,com.google.gson.internal.bind.TypeAdapters$9,3,
com.google.gson.TypeAdapter,com.google.gson.internal.bind.TypeAdapters$EnumTypeAdapter,3,
com.google.gson.TypeAdapter,com.google.gson.internal.sql.SqlDateTypeAdapter,3,
com.google.gson.TypeAdapter,com.google.gson.internal.sql.SqlDateTypeAdapter$1,3,
com.google.gson.TypeAdapter,com.google.gson.internal.sql.SqlTimeTypeAdapter,3,
com.google.gson.TypeAdapter,com.google.gson.internal.sql.SqlTimeTypeAdapter$1,3,
com.google.gson.TypeAdapter,com.google.gson.internal.sql.SqlTimestampTypeAdapter,17,
com.google.gson.TypeAdapter,com.google.gson.internal.sql.SqlTimestampTypeAdapter$1,4,
com.google.gson.TypeAdapter$1,com.google.gson.TypeAdapter,2,
com.google.gson.TypeAdapterFactory,com.google.gson.Gson,9,
com.google.gson.TypeAdapterFactory,com.google.gson.GsonBuilder,7,
com.google.gson.TypeAdapterFactory,com.google.gson.internal.Excluder,3,
com.google.gson.TypeAdapterFactory,com.google.gson.internal.bind.ArrayTypeAdapter,3,
com.google.gson.TypeAdapterFactory,com.google.gson.internal.bind.ArrayTypeAdapter$1,3,
com.google.gson.TypeAdapterFactory,com.google.gson.internal.bind.CollectionTypeAdapterFactory,3,
com.google.gson.TypeAdapterFactory,com.google.gson.internal.bind.DateTypeAdapter,3,
com.google.gson.TypeAdapterFactory,com.google.gson.internal.bind.DateTypeAdapter$1,3,
com.google.gson.TypeAdapterFactory,com.google.gson.internal.bind.DefaultDateTypeAdapter$DateType,6,
com.google.gson.TypeAdapterFactory,com.google.gson.internal.bind.JsonAdapterAnnotationTypeAdapterFactory,9,
com.google.gson.TypeAdapterFactory,com.google.gson.internal.bind.MapTypeAdapterFactory,3,
com.google.gson.TypeAdapterFactory,com.google.gson.internal.bind.NumberTypeAdapter,6,
com.google.gson.TypeAdapterFactory,com.google.gson.internal.bind.NumberTypeAdapter$1,3,
com.google.gson.TypeAdapterFactory,com.google.gson.internal.bind.ObjectTypeAdapter,6,
com.google.gson.TypeAdapterFactory,com.google.gson.internal.bind.ObjectTypeAdapter$1,3,
com.google.gson.TypeAdapterFactory,com.google.gson.internal.bind.ReflectiveTypeAdapterFactory,3,
com.google.gson.TypeAdapterFactory,com.google.gson.internal.bind.TreeTypeAdapter,7,
com.google.gson.TypeAdapterFactory,com.google.gson.internal.bind.TreeTypeAdapter$SingleTypeFactory,3,
com.google.gson.TypeAdapterFactory,com.google.gson.internal.bind.TypeAdapters,6,
com.google.gson.TypeAdapterFactory,com.google.gson.internal.bind.TypeAdapters$29,3,
com.google.gson.TypeAdapterFactory,com.google.gson.internal.bind.TypeAdapters$30,3,
com.google.gson.TypeAdapterFactory,com.google.gson.internal.bind.TypeAdapters$31,3,
com.google.gson.TypeAdapterFactory,com.google.gson.internal.bind.TypeAdapters$32,3,
com.google.gson.TypeAdapterFactory,com.google.gson.internal.bind.TypeAdapters$33,3,
com.google.gson.TypeAdapterFactory,com.google.gson.internal.bind.TypeAdapters$34,3,
com.google.gson.TypeAdapterFactory,com.google.gson.internal.sql.SqlDateTypeAdapter,3,
com.google.gson.TypeAdapterFactory,com.google.gson.internal.sql.SqlDateTypeAdapter$1,3,
com.google.gson.TypeAdapterFactory,com.google.gson.internal.sql.SqlTimeTypeAdapter,3,
com.google.gson.TypeAdapterFactory,com.google.gson.internal.sql.SqlTimeTypeAdapter$1,3,
com.google.gson.TypeAdapterFactory,com.google.gson.internal.sql.SqlTimestampTypeAdapter,3,
com.google.gson.TypeAdapterFactory,com.google.gson.internal.sql.SqlTimestampTypeAdapter$1,3,
com.google.gson.TypeAdapterFactory,com.google.gson.internal.sql.SqlTypesSupport,3,
com.google.gson.annotations.Expose,com.google.gson.internal.Excluder,8,
com.google.gson.annotations.JsonAdapter,com.google.gson.internal.bind.JsonAdapterAnnotationTypeAdapterFactory,11,
com.google.gson.annotations.JsonAdapter,com.google.gson.internal.bind.ReflectiveTypeAdapterFactory,4,
com.google.gson.annotations.SerializedName,com.google.gson.internal.bind.ReflectiveTypeAdapterFactory,4,
com.google.gson.annotations.SerializedName,com.google.gson.internal.bind.TypeAdapters$EnumTypeAdapter,8,
com.google.gson.annotations.Since,com.google.gson.internal.Excluder,9,
com.google.gson.annotations.Until,com.google.gson.internal.Excluder,9,
com.google.gson.internal.$Gson$Preconditions,com.google.gson.GsonBuilder,3,
com.google.gson.internal.$Gson$Preconditions,com.google.gson.internal.$Gson$Types,3,
com.google.gson.internal.$Gson$Preconditions,com.google.gson.internal.$Gson$Types$ParameterizedTypeImpl,3,
com.google.gson.internal.$Gson$Preconditions,com.google.gson.internal.$Gson$Types$WildcardTypeImpl,3,
com.google.gson.internal.$Gson$Preconditions,com.google.gson.internal.bind.TreeTypeAdapter$SingleTypeFactory,3,
com.google.gson.internal.$Gson$Types,com.google.gson.internal.$Gson$Types$GenericArrayTypeImpl,7,
com.google.gson.internal.$Gson$Types,com.google.gson.internal.$Gson$Types$ParameterizedTypeImpl,9,
com.google.gson.internal.$Gson$Types,com.google.gson.internal.$Gson$Types$WildcardTypeImpl,12,
com.google.gson.internal.$Gson$Types,com.google.gson.internal.bind.ArrayTypeAdapter$1,5,
com.google.gson.internal.$Gson$Types,com.google.gson.internal.bind.CollectionTypeAdapterFactory,3,
com.google.gson.internal.$Gson$Types,com.google.gson.internal.bind.MapTypeAdapterFactory,3,
com.google.gson.internal.$Gson$Types,com.google.gson.internal.bind.ReflectiveTypeAdapterFactory,3,
com.google.gson.internal.$Gson$Types,com.google.gson.reflect.TypeToken,13,
com.google.gson.internal.$Gson$Types$GenericArrayTypeImpl,com.google.gson.internal.$Gson$Types,2,
com.google.gson.internal.$Gson$Types$ParameterizedTypeImpl,com.google.gson.internal.$Gson$Types,2,
com.google.gson.internal.$Gson$Types$WildcardTypeImpl,com.google.gson.internal.$Gson$Types,2,
com.google.gson.internal.ConstructorConstructor,com.google.gson.Gson,5,
com.google.gson.internal.ConstructorConstructor,com.google.gson.internal.ConstructorConstructor$1,7,
com.google.gson.internal.ConstructorConstructor,com.google.gson.internal.ConstructorConstructor$19,7,
com.google.gson.internal.ConstructorConstructor,com.google.gson.internal.ConstructorConstructor$2,7,
com.google.gson.internal.ConstructorConstructor,com.google.gson.internal.ConstructorConstructor$20,7,
com.google.gson.internal.ConstructorConstructor,com.google.gson.internal.ConstructorConstructor$3,7,
com.google.gson.internal.ConstructorConstructor,com.google.gson.internal.ConstructorConstructor$4,7,
com.google.gson.internal.ConstructorConstructor,com.google.gson.internal.UnsafeAllocator,3,
com.google.gson.internal.ConstructorConstructor,com.google.gson.internal.bind.CollectionTypeAdapterFactory,9,
com.google.gson.internal.ConstructorConstructor,com.google.gson.internal.bind.JsonAdapterAnnotationTypeAdapterFactory,12,
com.google.gson.internal.ConstructorConstructor,com.google.gson.internal.bind.MapTypeAdapterFactory,9,
com.google.gson.internal.ConstructorConstructor,com.google.gson.internal.bind.ReflectiveTypeAdapterFactory,9,
com.google.gson.internal.ConstructorConstructor$1,com.google.gson.internal.ConstructorConstructor,2,
com.google.gson.internal.ConstructorConstructor$10,com.google.gson.internal.ConstructorConstructor,2,
com.google.gson.internal.ConstructorConstructor$11,com.google.gson.internal.ConstructorConstructor,2,
com.google.gson.internal.ConstructorConstructor$12,com.google.gson.internal.ConstructorConstructor,2,
com.google.gson.internal.ConstructorConstructor$13,com.google.gson.internal.ConstructorConstructor,2,
com.google.gson.internal.ConstructorConstructor$14,com.google.gson.internal.ConstructorConstructor,2,
com.google.gson.internal.ConstructorConstructor$15,com.google.gson.internal.ConstructorConstructor,2,
com.google.gson.internal.ConstructorConstructor$16,com.google.gson.internal.ConstructorConstructor,2,
com.google.gson.internal.ConstructorConstructor$17,com.google.gson.internal.ConstructorConstructor,2,
com.google.gson.internal.ConstructorConstructor$18,com.google.gson.internal.ConstructorConstructor,2,
com.google.gson.internal.ConstructorConstructor$19,com.google.gson.internal.ConstructorConstructor,2,
com.google.gson.internal.ConstructorConstructor$2,com.google.gson.internal.ConstructorConstructor,2,
com.google.gson.internal.ConstructorConstructor$20,com.google.gson.internal.ConstructorConstructor,2,
com.google.gson.internal.ConstructorConstructor$3,com.google.gson.internal.ConstructorConstructor,2,
com.google.gson.internal.ConstructorConstructor$4,com.google.gson.internal.ConstructorConstructor,2,
com.google.gson.internal.ConstructorConstructor$5,com.google.gson.internal.ConstructorConstructor,2,
com.google.gson.internal.ConstructorConstructor$6,com.google.gson.internal.ConstructorConstructor,2,
com.google.gson.internal.ConstructorConstructor$7,com.google.gson.internal.ConstructorConstructor,2,
com.google.gson.internal.ConstructorConstructor$8,com.google.gson.internal.ConstructorConstructor,2,
com.google.gson.internal.ConstructorConstructor$9,com.google.gson.internal.ConstructorConstructor,2,
com.google.gson.internal.Excluder,com.google.gson.Gson,13,
com.google.gson.internal.Excluder,com.google.gson.GsonBuilder,16,
com.google.gson.internal.Excluder,com.google.gson.internal.Excluder$1,7,
com.google.gson.internal.Excluder,com.google.gson.internal.bind.ReflectiveTypeAdapterFactory,11,
com.google.gson.internal.Excluder$1,com.google.gson.internal.Excluder,2,
com.google.gson.internal.JavaVersion,com.google.gson.internal.ReflectionAccessFilterHelper$AccessChecker,3,
com.google.gson.internal.JavaVersion,com.google.gson.internal.bind.DateTypeAdapter,3,
com.google.gson.internal.JavaVersion,com.google.gson.internal.bind.DefaultDateTypeAdapter,3,
com.google.gson.internal.JsonReaderInternalAccess,com.google.gson.internal.bind.MapTypeAdapterFactory$Adapter,6,
com.google.gson.internal.JsonReaderInternalAccess,com.google.gson.stream.JsonReader,3,
com.google.gson.internal.JsonReaderInternalAccess,com.google.gson.stream.JsonReader$1,3,
com.google.gson.internal.LazilyParsedNumber,com.google.gson.JsonPrimitive,2,
com.google.gson.internal.LazilyParsedNumber,com.google.gson.ToNumberPolicy$2,2,
com.google.gson.internal.LazilyParsedNumber,com.google.gson.internal.bind.TypeAdapters,3,
com.google.gson.internal.LazilyParsedNumber,com.google.gson.internal.bind.TypeAdapters$18,12,
com.google.gson.internal.LazilyParsedNumber,com.google.gson.internal.bind.TypeAdapters$28,3,
com.google.gson.internal.LinkedTreeMap,com.google.gson.JsonObject,21,
com.google.gson.internal.LinkedTreeMap,com.google.gson.internal.ConstructorConstructor$18,2,
com.google.gson.internal.LinkedTreeMap,com.google.gson.internal.LinkedTreeMap$EntrySet,16,
com.google.gson.internal.LinkedTreeMap,com.google.gson.internal.LinkedTreeMap$KeySet,16,
com.google.gson.internal.LinkedTreeMap,com.google.gson.internal.LinkedTreeMap$LinkedTreeMapIterator,12,
com.google.gson.internal.LinkedTreeMap,com.google.gson.internal.bind.ObjectTypeAdapter,2,
com.google.gson.internal.LinkedTreeMap$1,com.google.gson.internal.LinkedTreeMap,2,
com.google.gson.internal.LinkedTreeMap$EntrySet,com.google.gson.internal.LinkedTreeMap,2,
com.google.gson.internal.LinkedTreeMap$EntrySet,com.google.gson.internal.LinkedTreeMap$EntrySet$1,10,
com.google.gson.internal.LinkedTreeMap$EntrySet$1,com.google.gson.internal.LinkedTreeMap$EntrySet,2,
com.google.gson.internal.LinkedTreeMap$KeySet,com.google.gson.internal.LinkedTreeMap,2,
com.google.gson.internal.LinkedTreeMap$KeySet,com.google.gson.internal.LinkedTreeMap$KeySet$1,10,
com.google.gson.internal.LinkedTreeMap$KeySet$1,com.google.gson.internal.LinkedTreeMap$KeySet,2,
com.google.gson.internal.LinkedTreeMap$LinkedTreeMapIterator,com.google.gson.internal.LinkedTreeMap$EntrySet$1,3,
com.google.gson.internal.LinkedTreeMap$LinkedTreeMapIterator,com.google.gson.internal.LinkedTreeMap$KeySet$1,3,
com.google.gson.internal.LinkedTreeMap$Node,com.google.gson.internal.LinkedTreeMap,16,
com.google.gson.internal.LinkedTreeMap$Node,com.google.gson.internal.LinkedTreeMap$EntrySet,1,
com.google.gson.internal.LinkedTreeMap$Node,com.google.gson.internal.LinkedTreeMap$KeySet$1,3,
com.google.gson.internal.LinkedTreeMap$Node,com.google.gson.internal.LinkedTreeMap$LinkedTreeMapIterator,10,
com.google.gson.internal.NonNullElementWrapperList,com.google.gson.JsonArray,2,
com.google.gson.internal.ObjectConstructor,com.google.gson.internal.ConstructorConstructor,4,
com.google.gson.internal.ObjectConstructor,com.google.gson.internal.ConstructorConstructor$1,3,
com.google.gson.internal.ObjectConstructor,com.google.gson.internal.ConstructorConstructor$10,3,
com.google.gson.internal.ObjectConstructor,com.google.gson.internal.ConstructorConstructor$11,3,
com.google.gson.internal.ObjectConstructor,com.google.gson.internal.ConstructorConstructor$12,3,
com.google.gson.internal.ObjectConstructor,com.google.gson.internal.ConstructorConstructor$13,3,
com.google.gson.internal.ObjectConstructor,com.google.gson.internal.ConstructorConstructor$14,3,
com.google.gson.internal.ObjectConstructor,com.google.gson.internal.ConstructorConstructor$15,3,
com.google.gson.internal.ObjectConstructor,com.google.gson.internal.ConstructorConstructor$16,3,
com.google.gson.internal.ObjectConstructor,com.google.gson.internal.ConstructorConstructor$17,3,
com.google.gson.internal.ObjectConstructor,com.google.gson.internal.ConstructorConstructor$18,3,
com.google.gson.internal.ObjectConstructor,com.google.gson.internal.ConstructorConstructor$19,3,
com.google.gson.internal.ObjectConstructor,com.google.gson.internal.ConstructorConstructor$2,3,
com.google.gson.internal.ObjectConstructor,com.google.gson.internal.ConstructorConstructor$20,3,
com.google.gson.internal.ObjectConstructor,com.google.gson.internal.ConstructorConstructor$3,3,
com.google.gson.internal.ObjectConstructor,com.google.gson.internal.ConstructorConstructor$4,3,
com.google.gson.internal.ObjectConstructor,com.google.gson.internal.ConstructorConstructor$5,3,
com.google.gson.internal.ObjectConstructor,com.google.gson.internal.ConstructorConstructor$6,3,
com.google.gson.internal.ObjectConstructor,com.google.gson.internal.ConstructorConstructor$7,3,
com.google.gson.internal.ObjectConstructor,com.google.gson.internal.ConstructorConstructor$8,3,
com.google.gson.internal.ObjectConstructor,com.google.gson.internal.ConstructorConstructor$9,3,
com.google.gson.internal.ObjectConstructor,com.google.gson.internal.bind.CollectionTypeAdapterFactory,1,
com.google.gson.internal.ObjectConstructor,com.google.gson.internal.bind.CollectionTypeAdapterFactory$Adapter,9,
com.google.gson.internal.ObjectConstructor,com.google.gson.internal.bind.JsonAdapterAnnotationTypeAdapterFactory,3,
com.google.gson.internal.ObjectConstructor,com.google.gson.internal.bind.MapTypeAdapterFactory,1,
com.google.gson.internal.ObjectConstructor,com.google.gson.internal.bind.MapTypeAdapterFactory$Adapter,9,
com.google.gson.internal.ObjectConstructor,com.google.gson.internal.bind.ReflectiveTypeAdapterFactory,1,
com.google.gson.internal.ObjectConstructor,com.google.gson.internal.bind.ReflectiveTypeAdapterFactory$FieldReflectionAdapter,9,
com.google.gson.internal.PreJava9DateFormatProvider,com.google.gson.internal.bind.DateTypeAdapter,3,
com.google.gson.internal.PreJava9DateFormatProvider,com.google.gson.internal.bind.DefaultDateTypeAdapter,5,
com.google.gson.internal.Primitives,com.google.gson.Gson,3,
com.google.gson.internal.Primitives,com.google.gson.internal.bind.ReflectiveTypeAdapterFactory,3,
com.google.gson.internal.ReflectionAccessFilterHelper,com.google.gson.ReflectionAccessFilter$1,3,
com.google.gson.internal.ReflectionAccessFilterHelper,com.google.gson.ReflectionAccessFilter$2,3,
com.google.gson.internal.ReflectionAccessFilterHelper,com.google.gson.ReflectionAccessFilter$3,3,
com.google.gson.internal.ReflectionAccessFilterHelper,com.google.gson.ReflectionAccessFilter$4,3,
com.google.gson.internal.ReflectionAccessFilterHelper,com.google.gson.internal.ConstructorConstructor,5,
com.google.gson.internal.ReflectionAccessFilterHelper,com.google.gson.internal.bind.ReflectiveTypeAdapterFactory,5,
com.google.gson.internal.ReflectionAccessFilterHelper$1,com.google.gson.internal.ReflectionAccessFilterHelper$AccessChecker,4,
com.google.gson.internal.ReflectionAccessFilterHelper$AccessChecker,com.google.gson.internal.ReflectionAccessFilterHelper,6,
com.google.gson.internal.ReflectionAccessFilterHelper$AccessChecker,com.google.gson.internal.ReflectionAccessFilterHelper$AccessChecker$1,3,
com.google.gson.internal.ReflectionAccessFilterHelper$AccessChecker,com.google.gson.internal.ReflectionAccessFilterHelper$AccessChecker$2,3,
com.google.gson.internal.ReflectionAccessFilterHelper$AccessChecker$1,com.google.gson.internal.ReflectionAccessFilterHelper$AccessChecker,2,
com.google.gson.internal.ReflectionAccessFilterHelper$AccessChecker$2,com.google.gson.internal.ReflectionAccessFilterHelper$AccessChecker,2,
com.google.gson.internal.Streams,com.google.gson.Gson,5,
com.google.gson.internal.Streams,com.google.gson.JsonElement,3,
com.google.gson.internal.Streams,com.google.gson.JsonParser,3,
com.google.gson.internal.Streams,com.google.gson.JsonStreamParser,3,
com.google.gson.internal.Streams,com.google.gson.internal.bind.MapTypeAdapterFactory$Adapter,3,
com.google.gson.internal.Streams,com.google.gson.internal.bind.TreeTypeAdapter,5,
com.google.gson.internal.Streams$1,com.google.gson.internal.Streams$AppendableWriter$CurrentWrite,4,
com.google.gson.internal.Streams$AppendableWriter,com.google.gson.internal.Streams,2,
com.google.gson.internal.Streams$AppendableWriter$CurrentWrite,com.google.gson.internal.Streams$AppendableWriter,7,
com.google.gson.internal.UnsafeAllocator,com.google.gson.internal.ConstructorConstructor$19,6,
com.google.gson.internal.UnsafeAllocator,com.google.gson.internal.UnsafeAllocator$1,6,
com.google.gson.internal.UnsafeAllocator,com.google.gson.internal.UnsafeAllocator$2,6,
com.google.gson.internal.UnsafeAllocator,com.google.gson.internal.UnsafeAllocator$3,6,
com.google.gson.internal.UnsafeAllocator,com.google.gson.internal.UnsafeAllocator$4,3,
com.google.gson.internal.UnsafeAllocator$1,com.google.gson.internal.UnsafeAllocator,2,
com.google.gson.internal.UnsafeAllocator$2,com.google.gson.internal.UnsafeAllocator,2,
com.google.gson.internal.UnsafeAllocator$3,com.google.gson.internal.UnsafeAllocator,2,
com.google.gson.internal.UnsafeAllocator$4,com.google.gson.internal.UnsafeAllocator,2,
com.google.gson.internal.bind.ArrayTypeAdapter,com.google.gson.Gson,3,
com.google.gson.internal.bind.ArrayTypeAdapter,com.google.gson.internal.bind.ArrayTypeAdapter$1,2,
com.google.gson.internal.bind.ArrayTypeAdapter$1,com.google.gson.internal.bind.ArrayTypeAdapter,2,
com.google.gson.internal.bind.CollectionTypeAdapterFactory,com.google.gson.Gson,3,
com.google.gson.internal.bind.CollectionTypeAdapterFactory$Adapter,com.google.gson.internal.bind.CollectionTypeAdapterFactory,2,
com.google.gson.internal.bind.DateTypeAdapter,com.google.gson.Gson,3,
com.google.gson.internal.bind.DateTypeAdapter,com.google.gson.internal.bind.DateTypeAdapter$1,2,
com.google.gson.internal.bind.DateTypeAdapter$1,com.google.gson.internal.bind.DateTypeAdapter,2,
com.google.gson.internal.bind.DefaultDateTypeAdapter,com.google.gson.internal.bind.DefaultDateTypeAdapter$DateType,6,
com.google.gson.internal.bind.DefaultDateTypeAdapter$1,com.google.gson.internal.bind.DefaultDateTypeAdapter,4,
com.google.gson.internal.bind.DefaultDateTypeAdapter$DateType,com.google.gson.GsonBuilder,8,
com.google.gson.internal.bind.DefaultDateTypeAdapter$DateType,com.google.gson.internal.bind.DefaultDateTypeAdapter,15,
com.google.gson.internal.bind.DefaultDateTypeAdapter$DateType,com.google.gson.internal.bind.DefaultDateTypeAdapter$DateType$1,3,
com.google.gson.internal.bind.DefaultDateTypeAdapter$DateType,com.google.gson.internal.sql.SqlTypesSupport,3,
com.google.gson.internal.bind.DefaultDateTypeAdapter$DateType,com.google.gson.internal.sql.SqlTypesSupport$1,3,
com.google.gson.internal.bind.DefaultDateTypeAdapter$DateType,com.google.gson.internal.sql.SqlTypesSupport$2,3,
com.google.gson.internal.bind.DefaultDateTypeAdapter$DateType$1,com.google.gson.internal.bind.DefaultDateTypeAdapter$DateType,2,
com.google.gson.internal.bind.JsonAdapterAnnotationTypeAdapterFactory,com.google.gson.Gson,5,
com.google.gson.internal.bind.JsonAdapterAnnotationTypeAdapterFactory,com.google.gson.internal.bind.ReflectiveTypeAdapterFactory,9,
com.google.gson.internal.bind.JsonTreeReader,com.google.gson.Gson,3,
com.google.gson.internal.bind.JsonTreeReader,com.google.gson.TypeAdapter,2,
com.google.gson.internal.bind.JsonTreeReader,com.google.gson.internal.bind.TypeAdapters$28,3,
com.google.gson.internal.bind.JsonTreeReader,com.google.gson.stream.JsonReader$1,3,
com.google.gson.internal.bind.JsonTreeReader$1,com.google.gson.internal.bind.JsonTreeReader,2,
com.google.gson.internal.bind.JsonTreeReader$2,com.google.gson.internal.bind.JsonTreeReader,3,
com.google.gson.internal.bind.JsonTreeWriter,com.google.gson.Gson,5,
com.google.gson.internal.bind.JsonTreeWriter,com.google.gson.TypeAdapter,5,
com.google.gson.internal.bind.JsonTreeWriter$1,com.google.gson.internal.bind.JsonTreeWriter,2,
com.google.gson.internal.bind.MapTypeAdapterFactory,com.google.gson.Gson,3,
com.google.gson.internal.bind.MapTypeAdapterFactory,com.google.gson.internal.bind.MapTypeAdapterFactory$Adapter,6,
com.google.gson.internal.bind.MapTypeAdapterFactory$Adapter,com.google.gson.internal.bind.MapTypeAdapterFactory,2,
com.google.gson.internal.bind.NumberTypeAdapter,com.google.gson.Gson,3,
com.google.gson.internal.bind.NumberTypeAdapter,com.google.gson.internal.bind.NumberTypeAdapter$1,6,
com.google.gson.internal.bind.NumberTypeAdapter$1,com.google.gson.internal.bind.NumberTypeAdapter,2,
com.google.gson.internal.bind.NumberTypeAdapter$2,com.google.gson.internal.bind.NumberTypeAdapter,3,
com.google.gson.internal.bind.ObjectTypeAdapter,com.google.gson.Gson,3,
com.google.gson.internal.bind.ObjectTypeAdapter,com.google.gson.internal.bind.ObjectTypeAdapter$1,2,
com.google.gson.internal.bind.ObjectTypeAdapter$1,com.google.gson.internal.bind.ObjectTypeAdapter,6,
com.google.gson.internal.bind.ObjectTypeAdapter$2,com.google.gson.internal.bind.ObjectTypeAdapter,3,
com.google.gson.internal.bind.ReflectiveTypeAdapterFactory,com.google.gson.Gson,3,
com.google.gson.internal.bind.ReflectiveTypeAdapterFactory,com.google.gson.internal.bind.ReflectiveTypeAdapterFactory$1,10,
com.google.gson.internal.bind.ReflectiveTypeAdapterFactory,com.google.gson.internal.bind.ReflectiveTypeAdapterFactory$RecordAdapter,3,
com.google.gson.internal.bind.ReflectiveTypeAdapterFactory$1,com.google.gson.internal.bind.ReflectiveTypeAdapterFactory,2,
com.google.gson.internal.bind.ReflectiveTypeAdapterFactory$Adapter,com.google.gson.internal.bind.ReflectiveTypeAdapterFactory$FieldReflectionAdapter,3,
com.google.gson.internal.bind.ReflectiveTypeAdapterFactory$Adapter,com.google.gson.internal.bind.ReflectiveTypeAdapterFactory$RecordAdapter,3,
com.google.gson.internal.bind.ReflectiveTypeAdapterFactory$Adapter,com.google.gson.internal.bind.TypeAdapterRuntimeTypeWrapper,3,
com.google.gson.internal.bind.ReflectiveTypeAdapterFactory$BoundField,com.google.gson.internal.bind.ReflectiveTypeAdapterFactory,10,
com.google.gson.internal.bind.ReflectiveTypeAdapterFactory$BoundField,com.google.gson.internal.bind.ReflectiveTypeAdapterFactory$1,3,
com.google.gson.internal.bind.ReflectiveTypeAdapterFactory$BoundField,com.google.gson.internal.bind.ReflectiveTypeAdapterFactory$Adapter,12,
com.google.gson.internal.bind.ReflectiveTypeAdapterFactory$BoundField,com.google.gson.internal.bind.ReflectiveTypeAdapterFactory$FieldReflectionAdapter,6,
com.google.gson.internal.bind.ReflectiveTypeAdapterFactory$BoundField,com.google.gson.internal.bind.ReflectiveTypeAdapterFactory$RecordAdapter,12,
com.google.gson.internal.bind.ReflectiveTypeAdapterFactory$FieldReflectionAdapter,com.google.gson.internal.bind.ReflectiveTypeAdapterFactory,2,
com.google.gson.internal.bind.ReflectiveTypeAdapterFactory$RecordAdapter,com.google.gson.internal.bind.ReflectiveTypeAdapterFactory,2,
com.google.gson.internal.bind.SerializationDelegatingTypeAdapter,com.google.gson.Gson$FutureTypeAdapter,3,
com.google.gson.internal.bind.SerializationDelegatingTypeAdapter,com.google.gson.internal.bind.TreeTypeAdapter,3,
com.google.gson.internal.bind.SerializationDelegatingTypeAdapter,com.google.gson.internal.bind.TypeAdapterRuntimeTypeWrapper,6,
com.google.gson.internal.bind.TreeTypeAdapter,com.google.gson.GsonBuilder,5,
com.google.gson.internal.bind.TreeTypeAdapter,com.google.gson.internal.bind.JsonAdapterAnnotationTypeAdapterFactory,2,
com.google.gson.internal.bind.TreeTypeAdapter,com.google.gson.internal.bind.TreeTypeAdapter$GsonContextImpl,10,
com.google.gson.internal.bind.TreeTypeAdapter,com.google.gson.internal.bind.TreeTypeAdapter$SingleTypeFactory,2,
com.google.gson.internal.bind.TreeTypeAdapter$1,com.google.gson.internal.bind.TreeTypeAdapter$GsonContextImpl,4,
com.google.gson.internal.bind.TreeTypeAdapter$GsonContextImpl,com.google.gson.internal.bind.TreeTypeAdapter,2,
com.google.gson.internal.bind.TreeTypeAdapter$SingleTypeFactory,com.google.gson.internal.bind.TreeTypeAdapter,2,
com.google.gson.internal.bind.TypeAdapterRuntimeTypeWrapper,com.google.gson.internal.bind.ArrayTypeAdapter,2,
com.google.gson.internal.bind.TypeAdapterRuntimeTypeWrapper,com.google.gson.internal.bind.CollectionTypeAdapterFactory$Adapter,2,
com.google.gson.internal.bind.TypeAdapterRuntimeTypeWrapper,com.google.gson.internal.bind.MapTypeAdapterFactory$Adapter,2,
com.google.gson.internal.bind.TypeAdapterRuntimeTypeWrapper,com.google.gson.internal.bind.ReflectiveTypeAdapterFactory$1,2,
com.google.gson.internal.bind.TypeAdapters,com.google.gson.Gson,8,
com.google.gson.internal.bind.TypeAdapters,com.google.gson.GsonBuilder,5,
com.google.gson.internal.bind.TypeAdapters,com.google.gson.internal.Streams,3,
com.google.gson.internal.bind.TypeAdapters,com.google.gson.internal.bind.DefaultDateTypeAdapter$DateType,3,
com.google.gson.internal.bind.TypeAdapters,com.google.gson.internal.bind.MapTypeAdapterFactory,3,
com.google.gson.internal.bind.TypeAdapters$1,com.google.gson.internal.bind.TypeAdapters,5,
com.google.gson.internal.bind.TypeAdapters$10,com.google.gson.internal.bind.TypeAdapters,5,
com.google.gson.internal.bind.TypeAdapters$11,com.google.gson.internal.bind.TypeAdapters,2,
com.google.gson.internal.bind.TypeAdapters$12,com.google.gson.internal.bind.TypeAdapters,2,
com.google.gson.internal.bind.TypeAdapters$13,com.google.gson.internal.bind.TypeAdapters,2,
com.google.gson.internal.bind.TypeAdapters$14,com.google.gson.internal.bind.TypeAdapters,2,
com.google.gson.internal.bind.TypeAdapters$15,com.google.gson.internal.bind.TypeAdapters,2,
com.google.gson.internal.bind.TypeAdapters$16,com.google.gson.internal.bind.TypeAdapters,2,
com.google.gson.internal.bind.TypeAdapters$17,com.google.gson.internal.bind.TypeAdapters,2,
com.google.gson.internal.bind.TypeAdapters$18,com.google.gson.internal.bind.TypeAdapters,2,
com.google.gson.internal.bind.TypeAdapters$19,com.google.gson.internal.bind.TypeAdapters,2,
com.google.gson.internal.bind.TypeAdapters$2,com.google.gson.internal.bind.TypeAdapters,5,
com.google.gson.internal.bind.TypeAdapters$20,com.google.gson.internal.bind.TypeAdapters,2,
com.google.gson.internal.bind.TypeAdapters$21,com.google.gson.internal.bind.TypeAdapters,2,
com.google.gson.internal.bind.TypeAdapters$22,com.google.gson.internal.bind.TypeAdapters,2,
com.google.gson.internal.bind.TypeAdapters$23,com.google.gson.internal.bind.TypeAdapters,2,
com.google.gson.internal.bind.TypeAdapters$24,com.google.gson.internal.bind.TypeAdapters,2,
com.google.gson.internal.bind.TypeAdapters$25,com.google.gson.internal.bind.TypeAdapters,5,
com.google.gson.internal.bind.TypeAdapters$26,com.google.gson.internal.bind.TypeAdapters,2,
com.google.gson.internal.bind.TypeAdapters$27,com.google.gson.internal.bind.TypeAdapters,2,
com.google.gson.internal.bind.TypeAdapters$28,com.google.gson.internal.bind.TypeAdapters,2,
com.google.gson.internal.bind.TypeAdapters$29,com.google.gson.internal.bind.TypeAdapters,2,
com.google.gson.internal.bind.TypeAdapters$3,com.google.gson.internal.bind.TypeAdapters,2,
com.google.gson.internal.bind.TypeAdapters$30,com.google.gson.internal.bind.TypeAdapters,2,
com.google.gson.internal.bind.TypeAdapters$31,com.google.gson.internal.bind.TypeAdapters,2,
com.google.gson.internal.bind.TypeAdapters$32,com.google.gson.internal.bind.TypeAdapters,2,
com.google.gson.internal.bind.TypeAdapters$33,com.google.gson.internal.bind.TypeAdapters,2,
com.google.gson.internal.bind.TypeAdapters$34,com.google.gson.internal.bind.TypeAdapters,2,
com.google.gson.internal.bind.TypeAdapters$34,com.google.gson.internal.bind.TypeAdapters$34$1,10,
com.google.gson.internal.bind.TypeAdapters$34$1,com.google.gson.internal.bind.TypeAdapters$34,2,
com.google.gson.internal.bind.TypeAdapters$35,com.google.gson.internal.bind.TypeAdapters$2,3,
com.google.gson.internal.bind.TypeAdapters$35,com.google.gson.internal.bind.TypeAdapters$28,3,
com.google.gson.internal.bind.TypeAdapters$4,com.google.gson.internal.bind.TypeAdapters,2,
com.google.gson.internal.bind.TypeAdapters$5,com.google.gson.internal.bind.TypeAdapters,2,
com.google.gson.internal.bind.TypeAdapters$6,com.google.gson.internal.bind.TypeAdapters,2,
com.google.gson.internal.bind.TypeAdapters$7,com.google.gson.internal.bind.TypeAdapters,2,
com.google.gson.internal.bind.TypeAdapters$8,com.google.gson.internal.bind.TypeAdapters,5,
com.google.gson.internal.bind.TypeAdapters$9,com.google.gson.internal.bind.TypeAdapters,5,
com.google.gson.internal.bind.TypeAdapters$EnumTypeAdapter,com.google.gson.internal.bind.TypeAdapters$29,2,
com.google.gson.internal.bind.TypeAdapters$EnumTypeAdapter,com.google.gson.internal.bind.TypeAdapters$EnumTypeAdapter$1,7,
com.google.gson.internal.bind.TypeAdapters$EnumTypeAdapter$1,com.google.gson.internal.bind.TypeAdapters$EnumTypeAdapter,3,
com.google.gson.internal.bind.util.ISO8601Utils,com.google.gson.internal.bind.DateTypeAdapter,3,
com.google.gson.internal.bind.util.ISO8601Utils,com.google.gson.internal.bind.DefaultDateTypeAdapter,3,
com.google.gson.internal.reflect.ReflectionHelper,com.google.gson.internal.ConstructorConstructor,3,
com.google.gson.internal.reflect.ReflectionHelper,com.google.gson.internal.ConstructorConstructor$9,5,
com.google.gson.internal.reflect.ReflectionHelper,com.google.gson.internal.bind.ReflectiveTypeAdapterFactory,11,
com.google.gson.internal.reflect.ReflectionHelper,com.google.gson.internal.bind.ReflectiveTypeAdapterFactory$1,3,
com.google.gson.internal.reflect.ReflectionHelper,com.google.gson.internal.bind.ReflectiveTypeAdapterFactory$Adapter,3,
com.google.gson.internal.reflect.ReflectionHelper,com.google.gson.internal.bind.ReflectiveTypeAdapterFactory$RecordAdapter,11,
com.google.gson.internal.reflect.ReflectionHelper,com.google.gson.internal.reflect.ReflectionHelper$RecordSupportedHelper,3,
com.google.gson.internal.reflect.ReflectionHelper$1,com.google.gson.internal.reflect.ReflectionHelper$RecordHelper,4,
com.google.gson.internal.reflect.ReflectionHelper$1,com.google.gson.internal.reflect.ReflectionHelper$RecordNotSupportedHelper,4,
com.google.gson.internal.reflect.ReflectionHelper$1,com.google.gson.internal.reflect.ReflectionHelper$RecordSupportedHelper,4,
com.google.gson.internal.reflect.ReflectionHelper$RecordHelper,com.google.gson.internal.reflect.ReflectionHelper,12,
com.google.gson.internal.reflect.ReflectionHelper$RecordHelper,com.google.gson.internal.reflect.ReflectionHelper$RecordNotSupportedHelper,3,
com.google.gson.internal.reflect.ReflectionHelper$RecordHelper,com.google.gson.internal.reflect.ReflectionHelper$RecordSupportedHelper,3,
com.google.gson.internal.reflect.ReflectionHelper$RecordNotSupportedHelper,com.google.gson.internal.reflect.ReflectionHelper,2,
com.google.gson.internal.reflect.ReflectionHelper$RecordSupportedHelper,com.google.gson.internal.reflect.ReflectionHelper,2,
com.google.gson.internal.sql.SqlDateTypeAdapter,com.google.gson.internal.sql.SqlDateTypeAdapter$1,2,
com.google.gson.internal.sql.SqlDateTypeAdapter,com.google.gson.internal.sql.SqlTypesSupport,3,
com.google.gson.internal.sql.SqlDateTypeAdapter$1,com.google.gson.internal.sql.SqlDateTypeAdapter,6,
com.google.gson.internal.sql.SqlTimeTypeAdapter,com.google.gson.internal.sql.SqlTimeTypeAdapter$1,2,
com.google.gson.internal.sql.SqlTimeTypeAdapter,com.google.gson.internal.sql.SqlTypesSupport,3,
com.google.gson.internal.sql.SqlTimeTypeAdapter$1,com.google.gson.internal.sql.SqlTimeTypeAdapter,6,
com.google.gson.internal.sql.SqlTimestampTypeAdapter,com.google.gson.internal.sql.SqlTimestampTypeAdapter$1,2,
com.google.gson.internal.sql.SqlTimestampTypeAdapter,com.google.gson.internal.sql.SqlTypesSupport,3,
com.google.gson.internal.sql.SqlTimestampTypeAdapter$1,com.google.gson.internal.sql.SqlTimestampTypeAdapter,6,
com.google.gson.internal.sql.SqlTypesSupport,com.google.gson.Gson,3,
com.google.gson.internal.sql.SqlTypesSupport,com.google.gson.GsonBuilder,3,
com.google.gson.internal.sql.SqlTypesSupport$1,com.google.gson.internal.sql.SqlTypesSupport,2,
com.google.gson.internal.sql.SqlTypesSupport$2,com.google.gson.internal.sql.SqlTypesSupport,2,
com.google.gson.reflect.TypeToken,com.google.gson.Gson,9,
com.google.gson.reflect.TypeToken,com.google.gson.GsonBuilder,4,
com.google.gson.reflect.TypeToken,com.google.gson.TypeAdapterFactory,3,
com.google.gson.reflect.TypeToken,com.google.gson.internal.ConstructorConstructor,11,
com.google.gson.reflect.TypeToken,com.google.gson.internal.Excluder,4,
com.google.gson.reflect.TypeToken,com.google.gson.internal.Excluder$1,6,
com.google.gson.reflect.TypeToken,com.google.gson.internal.bind.ArrayTypeAdapter$1,9,
com.google.gson.reflect.TypeToken,com.google.gson.internal.bind.CollectionTypeAdapterFactory,11,
com.google.gson.reflect.TypeToken,com.google.gson.internal.bind.DateTypeAdapter$1,6,
com.google.gson.reflect.TypeToken,com.google.gson.internal.bind.JsonAdapterAnnotationTypeAdapterFactory,11,
com.google.gson.reflect.TypeToken,com.google.gson.internal.bind.MapTypeAdapterFactory,7,
com.google.gson.reflect.TypeToken,com.google.gson.internal.bind.NumberTypeAdapter$1,6,
com.google.gson.reflect.TypeToken,com.google.gson.internal.bind.ObjectTypeAdapter$1,6,
com.google.gson.reflect.TypeToken,com.google.gson.internal.bind.ReflectiveTypeAdapterFactory,9,
com.google.gson.reflect.TypeToken,com.google.gson.internal.bind.ReflectiveTypeAdapterFactory$1,8,
com.google.gson.reflect.TypeToken,com.google.gson.internal.bind.TreeTypeAdapter,13,
com.google.gson.reflect.TypeToken,com.google.gson.internal.bind.TreeTypeAdapter$SingleTypeFactory,13,
com.google.gson.reflect.TypeToken,com.google.gson.internal.bind.TypeAdapterRuntimeTypeWrapper,4,
com.google.gson.reflect.TypeToken,com.google.gson.internal.bind.TypeAdapters,4,
com.google.gson.reflect.TypeToken,com.google.gson.internal.bind.TypeAdapters$29,6,
com.google.gson.reflect.TypeToken,com.google.gson.internal.bind.TypeAdapters$30,12,
com.google.gson.reflect.TypeToken,com.google.gson.internal.bind.TypeAdapters$31,4,
com.google.gson.reflect.TypeToken,com.google.gson.internal.bind.TypeAdapters$32,4,
com.google.gson.reflect.TypeToken,com.google.gson.internal.bind.TypeAdapters$33,4,
com.google.gson.reflect.TypeToken,com.google.gson.internal.bind.TypeAdapters$34,4,
com.google.gson.reflect.TypeToken,com.google.gson.internal.sql.SqlDateTypeAdapter$1,6,
com.google.gson.reflect.TypeToken,com.google.gson.internal.sql.SqlTimeTypeAdapter$1,6,
com.google.gson.reflect.TypeToken,com.google.gson.internal.sql.SqlTimestampTypeAdapter$1,6,
com.google.gson.stream.JsonReader,com.google.gson.Gson,20,
com.google.gson.stream.JsonReader,com.google.gson.Gson$1,10,
com.google.gson.stream.JsonReader,com.google.gson.Gson$2,10,
com.google.gson.stream.JsonReader,com.google.gson.Gson$3,10,
com.google.gson.stream.JsonReader,com.google.gson.Gson$4,4,
com.google.gson.stream.JsonReader,com.google.gson.Gson$5,10,
com.google.gson.stream.JsonReader,com.google.gson.Gson$FutureTypeAdapter,4,
com.google.gson.stream.JsonReader,com.google.gson.JsonParser,12,
com.google.gson.stream.JsonReader,com.google.gson.JsonStreamParser,9,
com.google.gson.stream.JsonReader,com.google.gson.ToNumberPolicy$1,6,
com.google.gson.stream.JsonReader,com.google.gson.ToNumberPolicy$2,6,
com.google.gson.stream.JsonReader,com.google.gson.ToNumberPolicy$3,10,
com.google.gson.stream.JsonReader,com.google.gson.ToNumberPolicy$4,8,
com.google.gson.stream.JsonReader,com.google.gson.ToNumberStrategy,3,
com.google.gson.stream.JsonReader,com.google.gson.TypeAdapter,6,
com.google.gson.stream.JsonReader,com.google.gson.TypeAdapter$1,4,
com.google.gson.stream.JsonReader,com.google.gson.internal.Excluder$1,4,
com.google.gson.stream.JsonReader,com.google.gson.internal.JsonReaderInternalAccess,3,
com.google.gson.stream.JsonReader,com.google.gson.internal.Streams,6,
com.google.gson.stream.JsonReader,com.google.gson.internal.bind.ArrayTypeAdapter,14,
com.google.gson.stream.JsonReader,com.google.gson.internal.bind.CollectionTypeAdapterFactory$Adapter,17,
com.google.gson.stream.JsonReader,com.google.gson.internal.bind.DateTypeAdapter,12,
com.google.gson.stream.JsonReader,com.google.gson.internal.bind.DefaultDateTypeAdapter,15,
com.google.gson.stream.JsonReader,com.google.gson.internal.bind.JsonTreeReader,3,
com.google.gson.stream.JsonReader,com.google.gson.internal.bind.MapTypeAdapterFactory$Adapter,21,
com.google.gson.stream.JsonReader,com.google.gson.internal.bind.NumberTypeAdapter,10,
com.google.gson.stream.JsonReader,com.google.gson.internal.bind.ObjectTypeAdapter,24,
com.google.gson.stream.JsonReader,com.google.gson.internal.bind.ReflectiveTypeAdapterFactory$1,6,
com.google.gson.stream.JsonReader,com.google.gson.internal.bind.ReflectiveTypeAdapterFactory$Adapter,18,
com.google.gson.stream.JsonReader,com.google.gson.internal.bind.ReflectiveTypeAdapterFactory$BoundField,3,
com.google.gson.stream.JsonReader,com.google.gson.internal.bind.ReflectiveTypeAdapterFactory$FieldReflectionAdapter,4,
com.google.gson.stream.JsonReader,com.google.gson.internal.bind.ReflectiveTypeAdapterFactory$RecordAdapter,4,
com.google.gson.stream.JsonReader,com.google.gson.internal.bind.TreeTypeAdapter,4,
com.google.gson.stream.JsonReader,com.google.gson.internal.bind.TypeAdapterRuntimeTypeWrapper,4,
com.google.gson.stream.JsonReader,com.google.gson.internal.bind.TypeAdapters$1,4,
com.google.gson.stream.JsonReader,com.google.gson.internal.bind.TypeAdapters$10,12,
com.google.gson.stream.JsonReader,com.google.gson.internal.bind.TypeAdapters$11,10,
com.google.gson.stream.JsonReader,com.google.gson.internal.bind.TypeAdapters$12,10,
com.google.gson.stream.JsonReader,com.google.gson.internal.bind.TypeAdapters$13,10,
com.google.gson.stream.JsonReader,com.google.gson.internal.bind.TypeAdapters$14,12,
com.google.gson.stream.JsonReader,com.google.gson.internal.bind.TypeAdapters$15,12,
com.google.gson.stream.JsonReader,com.google.gson.internal.bind.TypeAdapters$16,12,
com.google.gson.stream.JsonReader,com.google.gson.internal.bind.TypeAdapters$17,12,
com.google.gson.stream.JsonReader,com.google.gson.internal.bind.TypeAdapters$18,10,
com.google.gson.stream.JsonReader,com.google.gson.internal.bind.TypeAdapters$19,10,
com.google.gson.stream.JsonReader,com.google.gson.internal.bind.TypeAdapters$2,18,
com.google.gson.stream.JsonReader,com.google.gson.internal.bind.TypeAdapters$20,10,
com.google.gson.stream.JsonReader,com.google.gson.internal.bind.TypeAdapters$21,10,
com.google.gson.stream.JsonReader,com.google.gson.internal.bind.TypeAdapters$22,10,
com.google.gson.stream.JsonReader,com.google.gson.internal.bind.TypeAdapters$23,10,
com.google.gson.stream.JsonReader,com.google.gson.internal.bind.TypeAdapters$24,12,
com.google.gson.stream.JsonReader,com.google.gson.internal.bind.TypeAdapters$25,8,
com.google.gson.stream.JsonReader,com.google.gson.internal.bind.TypeAdapters$26,16,
com.google.gson.stream.JsonReader,com.google.gson.internal.bind.TypeAdapters$27,10,
com.google.gson.stream.JsonReader,com.google.gson.internal.bind.TypeAdapters$28,24,
com.google.gson.stream.JsonReader,com.google.gson.internal.bind.TypeAdapters$3,12,
com.google.gson.stream.JsonReader,com.google.gson.internal.bind.TypeAdapters$34$1,4,
com.google.gson.stream.JsonReader,com.google.gson.internal.bind.TypeAdapters$4,10,
com.google.gson.stream.JsonReader,com.google.gson.internal.bind.TypeAdapters$5,12,
com.google.gson.stream.JsonReader,com.google.gson.internal.bind.TypeAdapters$6,12,
com.google.gson.stream.JsonReader,com.google.gson.internal.bind.TypeAdapters$7,10,
com.google.gson.stream.JsonReader,com.google.gson.internal.bind.TypeAdapters$8,6,
com.google.gson.stream.JsonReader,com.google.gson.internal.bind.TypeAdapters$9,6,
com.google.gson.stream.JsonReader,com.google.gson.internal.bind.TypeAdapters$EnumTypeAdapter,13,
com.google.gson.stream.JsonReader,com.google.gson.internal.sql.SqlDateTypeAdapter,12,
com.google.gson.stream.JsonReader,com.google.gson.internal.sql.SqlTimeTypeAdapter,12,
com.google.gson.stream.JsonReader,com.google.gson.internal.sql.SqlTimestampTypeAdapter,4,
com.google.gson.stream.JsonReader,com.google.gson.stream.JsonReader$1,13,
com.google.gson.stream.JsonReader$1,com.google.gson.stream.JsonReader,2,
com.google.gson.stream.JsonToken,com.google.gson.Gson,3,
com.google.gson.stream.JsonToken,com.google.gson.Gson$1,3,
com.google.gson.stream.JsonToken,com.google.gson.Gson$2,3,
com.google.gson.stream.JsonToken,com.google.gson.Gson$3,3,
com.google.gson.stream.JsonToken,com.google.gson.JsonParser,3,
com.google.gson.stream.JsonToken,com.google.gson.JsonStreamParser,3,
com.google.gson.stream.JsonToken,com.google.gson.TypeAdapter$1,3,
com.google.gson.stream.JsonToken,com.google.gson.internal.bind.ArrayTypeAdapter,3,
com.google.gson.stream.JsonToken,com.google.gson.internal.bind.CollectionTypeAdapterFactory$Adapter,3,
com.google.gson.stream.JsonToken,com.google.gson.internal.bind.DateTypeAdapter,3,
com.google.gson.stream.JsonToken,com.google.gson.internal.bind.DefaultDateTypeAdapter,3,
com.google.gson.stream.JsonToken,com.google.gson.internal.bind.JsonTreeReader,12,
com.google.gson.stream.JsonToken,com.google.gson.internal.bind.JsonTreeReader$2,9,
com.google.gson.stream.JsonToken,com.google.gson.internal.bind.MapTypeAdapterFactory$Adapter,4,
com.google.gson.stream.JsonToken,com.google.gson.internal.bind.NumberTypeAdapter,3,
com.google.gson.stream.JsonToken,com.google.gson.internal.bind.NumberTypeAdapter$2,9,
com.google.gson.stream.JsonToken,com.google.gson.internal.bind.ObjectTypeAdapter,6,
com.google.gson.stream.JsonToken,com.google.gson.internal.bind.ObjectTypeAdapter$2,9,
com.google.gson.stream.JsonToken,com.google.gson.internal.bind.ReflectiveTypeAdapterFactory$Adapter,3,
com.google.gson.stream.JsonToken,com.google.gson.internal.bind.TypeAdapters$11,3,
com.google.gson.stream.JsonToken,com.google.gson.internal.bind.TypeAdapters$12,3,
com.google.gson.stream.JsonToken,com.google.gson.internal.bind.TypeAdapters$13,3,
com.google.gson.stream.JsonToken,com.google.gson.internal.bind.TypeAdapters$14,3,
com.google.gson.stream.JsonToken,com.google.gson.internal.bind.TypeAdapters$15,4,
com.google.gson.stream.JsonToken,com.google.gson.internal.bind.TypeAdapters$16,3,
com.google.gson.stream.JsonToken,com.google.gson.internal.bind.TypeAdapters$17,3,
com.google.gson.stream.JsonToken,com.google.gson.internal.bind.TypeAdapters$18,3,
com.google.gson.stream.JsonToken,com.google.gson.internal.bind.TypeAdapters$19,3,
com.google.gson.stream.JsonToken,com.google.gson.internal.bind.TypeAdapters$2,6,
com.google.gson.stream.JsonToken,com.google.gson.internal.bind.TypeAdapters$20,3,
com.google.gson.stream.JsonToken,com.google.gson.internal.bind.TypeAdapters$21,3,
com.google.gson.stream.JsonToken,com.google.gson.internal.bind.TypeAdapters$22,3,
com.google.gson.stream.JsonToken,com.google.gson.internal.bind.TypeAdapters$23,3,
com.google.gson.stream.JsonToken,com.google.gson.internal.bind.TypeAdapters$24,3,
com.google.gson.stream.JsonToken,com.google.gson.internal.bind.TypeAdapters$26,3,
com.google.gson.stream.JsonToken,com.google.gson.internal.bind.TypeAdapters$27,3,
com.google.gson.stream.JsonToken,com.google.gson.internal.bind.TypeAdapters$28,6,
com.google.gson.stream.JsonToken,com.google.gson.internal.bind.TypeAdapters$3,4,
com.google.gson.stream.JsonToken,com.google.gson.internal.bind.TypeAdapters$35,9,
com.google.gson.stream.JsonToken,com.google.gson.internal.bind.TypeAdapters$4,3,
com.google.gson.stream.JsonToken,com.google.gson.internal.bind.TypeAdapters$5,3,
com.google.gson.stream.JsonToken,com.google.gson.internal.bind.TypeAdapters$6,3,
com.google.gson.stream.JsonToken,com.google.gson.internal.bind.TypeAdapters$7,3,
com.google.gson.stream.JsonToken,com.google.gson.internal.bind.TypeAdapters$EnumTypeAdapter,3,
com.google.gson.stream.JsonToken,com.google.gson.internal.sql.SqlDateTypeAdapter,3,
com.google.gson.stream.JsonToken,com.google.gson.internal.sql.SqlTimeTypeAdapter,3,
com.google.gson.stream.JsonToken,com.google.gson.stream.JsonReader,7,
com.google.gson.stream.JsonToken,com.google.gson.stream.JsonReader$1,1,
com.google.gson.stream.JsonWriter,com.google.gson.Gson,29,
com.google.gson.stream.JsonWriter,com.google.gson.Gson$1,8,
com.google.gson.stream.JsonWriter,com.google.gson.Gson$2,8,
com.google.gson.stream.JsonWriter,com.google.gson.Gson$3,8,
com.google.gson.stream.JsonWriter,com.google.gson.Gson$4,4,
com.google.gson.stream.JsonWriter,com.google.gson.Gson$5,8,
com.google.gson.stream.JsonWriter,com.google.gson.Gson$FutureTypeAdapter,4,
com.google.gson.stream.JsonWriter,com.google.gson.JsonElement,5,
com.google.gson.stream.JsonWriter,com.google.gson.TypeAdapter,6,
com.google.gson.stream.JsonWriter,com.google.gson.TypeAdapter$1,4,
com.google.gson.stream.JsonWriter,com.google.gson.internal.Excluder$1,4,
com.google.gson.stream.JsonWriter,com.google.gson.internal.Streams,4,
com.google.gson.stream.JsonWriter,com.google.gson.internal.bind.ArrayTypeAdapter,10,
com.google.gson.stream.JsonWriter,com.google.gson.internal.bind.CollectionTypeAdapterFactory$Adapter,13,
com.google.gson.stream.JsonWriter,com.google.gson.internal.bind.DateTypeAdapter,8,
com.google.gson.stream.JsonWriter,com.google.gson.internal.bind.DefaultDateTypeAdapter,8,
com.google.gson.stream.JsonWriter,com.google.gson.internal.bind.JsonTreeWriter,6,
com.google.gson.stream.JsonWriter,com.google.gson.internal.bind.MapTypeAdapterFactory$Adapter,19,
com.google.gson.stream.JsonWriter,com.google.gson.internal.bind.NumberTypeAdapter,6,
com.google.gson.stream.JsonWriter,com.google.gson.internal.bind.ObjectTypeAdapter,10,
com.google.gson.stream.JsonWriter,com.google.gson.internal.bind.ReflectiveTypeAdapterFactory$1,6,
com.google.gson.stream.JsonWriter,com.google.gson.internal.bind.ReflectiveTypeAdapterFactory$Adapter,10,
com.google.gson.stream.JsonWriter,com.google.gson.internal.bind.ReflectiveTypeAdapterFactory$BoundField,3,
com.google.gson.stream.JsonWriter,com.google.gson.internal.bind.TreeTypeAdapter,6,
com.google.gson.stream.JsonWriter,com.google.gson.internal.bind.TypeAdapterRuntimeTypeWrapper,4,
com.google.gson.stream.JsonWriter,com.google.gson.internal.bind.TypeAdapters$1,4,
com.google.gson.stream.JsonWriter,com.google.gson.internal.bind.TypeAdapters$10,10,
com.google.gson.stream.JsonWriter,com.google.gson.internal.bind.TypeAdapters$11,8,
com.google.gson.stream.JsonWriter,com.google.gson.internal.bind.TypeAdapters$12,8,
com.google.gson.stream.JsonWriter,com.google.gson.internal.bind.TypeAdapters$13,8,
com.google.gson.stream.JsonWriter,com.google.gson.internal.bind.TypeAdapters$14,6,
com.google.gson.stream.JsonWriter,com.google.gson.internal.bind.TypeAdapters$15,6,
com.google.gson.stream.JsonWriter,com.google.gson.internal.bind.TypeAdapters$16,6,
com.google.gson.stream.JsonWriter,com.google.gson.internal.bind.TypeAdapters$17,6,
com.google.gson.stream.JsonWriter,com.google.gson.internal.bind.TypeAdapters$18,6,
com.google.gson.stream.JsonWriter,com.google.gson.internal.bind.TypeAdapters$19,6,
com.google.gson.stream.JsonWriter,com.google.gson.internal.bind.TypeAdapters$2,10,
com.google.gson.stream.JsonWriter,com.google.gson.internal.bind.TypeAdapters$20,6,
com.google.gson.stream.JsonWriter,com.google.gson.internal.bind.TypeAdapters$21,6,
com.google.gson.stream.JsonWriter,com.google.gson.internal.bind.TypeAdapters$22,6,
com.google.gson.stream.JsonWriter,com.google.gson.internal.bind.TypeAdapters$23,6,
com.google.gson.stream.JsonWriter,com.google.gson.internal.bind.TypeAdapters$24,6,
com.google.gson.stream.JsonWriter,com.google.gson.internal.bind.TypeAdapters$25,6,
com.google.gson.stream.JsonWriter,com.google.gson.internal.bind.TypeAdapters$26,14,
com.google.gson.stream.JsonWriter,com.google.gson.internal.bind.TypeAdapters$27,6,
com.google.gson.stream.JsonWriter,com.google.gson.internal.bind.TypeAdapters$28,22,
com.google.gson.stream.JsonWriter,com.google.gson.internal.bind.TypeAdapters$3,6,
com.google.gson.stream.JsonWriter,com.google.gson.internal.bind.TypeAdapters$34$1,4,
com.google.gson.stream.JsonWriter,com.google.gson.internal.bind.TypeAdapters$4,6,
com.google.gson.stream.JsonWriter,com.google.gson.internal.bind.TypeAdapters$5,8,
com.google.gson.stream.JsonWriter,com.google.gson.internal.bind.TypeAdapters$6,8,
com.google.gson.stream.JsonWriter,com.google.gson.internal.bind.TypeAdapters$7,8,
com.google.gson.stream.JsonWriter,com.google.gson.internal.bind.TypeAdapters$8,6,
com.google.gson.stream.JsonWriter,com.google.gson.internal.bind.TypeAdapters$9,6,
com.google.gson.stream.JsonWriter,com.google.gson.internal.bind.TypeAdapters$EnumTypeAdapter,9,
com.google.gson.stream.JsonWriter,com.google.gson.internal.sql.SqlDateTypeAdapter,8,
com.google.gson.stream.JsonWriter,com.google.gson.internal.sql.SqlTimeTypeAdapter,8,
com.google.gson.stream.JsonWriter,com.google.gson.internal.sql.SqlTimestampTypeAdapter,4,
com.google.gson.stream.MalformedJsonException,com.google.gson.Gson,1,
com.google.gson.stream.MalformedJsonException,com.google.gson.JsonParser,1,
com.google.gson.stream.MalformedJsonException,com.google.gson.JsonStreamParser,1,
com.google.gson.stream.MalformedJsonException,com.google.gson.ToNumberPolicy$3,2,
com.google.gson.stream.MalformedJsonException,com.google.gson.internal.Streams,1,
com.google.gson.stream.MalformedJsonException,com.google.gson.internal.bind.JsonTreeReader,2,
com.google.gson.stream.MalformedJsonException,com.google.gson.stream.JsonReader,2,
