com.google.gson.internal.bind.ReflectiveTypeAdapterFactory$RecordAdapter,com.google.gson.internal.bind.ReflectiveTypeAdapterFactory$BoundField,43, LD
com.google.gson.internal.bind.ReflectiveTypeAdapterFactory$RecordAdapter,com.google.gson.internal.bind.ReflectiveTypeAdapterFactory$Adapter,43, LD
com.google.gson.internal.bind.ReflectiveTypeAdapterFactory$RecordAdapter,com.google.gson.internal.bind.ReflectiveTypeAdapterFactory$FieldReflectionAdapter,43, LD
com.google.gson.internal.bind.ReflectiveTypeAdapterFactory$RecordAdapter,com.google.gson.Gson,21, LD
com.google.gson.internal.bind.ReflectiveTypeAdapterFactory$RecordAdapter,com.google.gson.Gson$FutureTypeAdapter,21, LD
com.google.gson.internal.bind.ReflectiveTypeAdapterFactory$RecordAdapter,com.google.gson.internal.bind.ReflectiveTypeAdapterFactory,43, LD
com.google.gson.internal.bind.ReflectiveTypeAdapterFactory,com.google.gson.internal.bind.ReflectiveTypeAdapterFactory$BoundField,43, LD
com.google.gson.internal.bind.ReflectiveTypeAdapterFactory,com.google.gson.internal.bind.ReflectiveTypeAdapterFactory$Adapter,43, LD
com.google.gson.internal.bind.ReflectiveTypeAdapterFactory,com.google.gson.internal.bind.ReflectiveTypeAdapterFactory$FieldReflectionAdapter,43, LD
com.google.gson.internal.bind.ReflectiveTypeAdapterFactory,com.google.gson.internal.bind.ReflectiveTypeAdapterFactory$RecordAdapter,43, LD
com.google.gson.internal.bind.ReflectiveTypeAdapterFactory,com.google.gson.Gson,21, LD
com.google.gson.internal.bind.ReflectiveTypeAdapterFactory,com.google.gson.Gson$FutureTypeAdapter,21, LD
com.google.gson.internal.LinkedTreeMap$LinkedTreeMapIterator,com.google.gson.internal.LinkedTreeMap,15, LD
com.google.gson.internal.LinkedTreeMap$LinkedTreeMapIterator,com.google.gson.internal.LinkedTreeMap$Node,15, LD
com.google.gson.internal.LinkedTreeMap$LinkedTreeMapIterator,com.google.gson.internal.LinkedTreeMap$EntrySet,15, LD
com.google.gson.internal.LinkedTreeMap$LinkedTreeMapIterator,com.google.gson.internal.LinkedTreeMap$KeySet,15, LD
com.google.gson.internal.bind.MapTypeAdapterFactory$Adapter,com.google.gson.internal.bind.MapTypeAdapterFactory,22, LD
com.google.gson.annotations.JsonAdapter,com.google.gson.internal.bind.JsonAdapterAnnotationTypeAdapterFactory,8, LD
com.google.gson.internal.Streams$AppendableWriter,com.google.gson.internal.Streams,17, LD
com.google.gson.internal.bind.ArrayTypeAdapter,com.google.gson.Gson,11, LD
com.google.gson.internal.bind.ArrayTypeAdapter,com.google.gson.Gson$FutureTypeAdapter,11, LD
com.google.gson.internal.bind.TreeTypeAdapter,com.google.gson.internal.bind.TreeTypeAdapter$SingleTypeFactory,10, LD
com.google.gson.internal.bind.TreeTypeAdapter,com.google.gson.internal.bind.TreeTypeAdapter$GsonContextImpl,10, LD
com.google.gson.GsonBuilder,com.google.gson.Gson,46, LD
com.google.gson.GsonBuilder,com.google.gson.Gson$FutureTypeAdapter,46, LD
com.google.gson.internal.bind.ReflectiveTypeAdapterFactory$BoundField,com.google.gson.internal.bind.ReflectiveTypeAdapterFactory$Adapter,43, LD
com.google.gson.internal.bind.ReflectiveTypeAdapterFactory$BoundField,com.google.gson.internal.bind.ReflectiveTypeAdapterFactory$FieldReflectionAdapter,43, LD
com.google.gson.internal.bind.ReflectiveTypeAdapterFactory$BoundField,com.google.gson.internal.bind.ReflectiveTypeAdapterFactory$RecordAdapter,43, LD
com.google.gson.internal.bind.ReflectiveTypeAdapterFactory$BoundField,com.google.gson.Gson,21, LD
com.google.gson.internal.bind.ReflectiveTypeAdapterFactory$BoundField,com.google.gson.Gson$FutureTypeAdapter,21, LD
com.google.gson.internal.bind.ReflectiveTypeAdapterFactory$BoundField,com.google.gson.internal.bind.ReflectiveTypeAdapterFactory,43, LD
com.google.gson.Gson,com.google.gson.Gson$FutureTypeAdapter,170, LD
com.google.gson.Gson,com.google.gson.GsonBuilder,46, LD
com.google.gson.Gson,com.google.gson.internal.bind.TypeAdapters,37, LD
com.google.gson.Gson,com.google.gson.internal.bind.TypeAdapters$EnumTypeAdapter,37, LD
com.google.gson.internal.LinkedTreeMap,com.google.gson.internal.LinkedTreeMap$Node,15, LD
com.google.gson.internal.LinkedTreeMap,com.google.gson.internal.LinkedTreeMap$LinkedTreeMapIterator,15, LD
com.google.gson.internal.LinkedTreeMap,com.google.gson.internal.LinkedTreeMap$EntrySet,15, LD
com.google.gson.internal.LinkedTreeMap,com.google.gson.internal.LinkedTreeMap$KeySet,15, LD
com.google.gson.internal.bind.TypeAdapters,com.google.gson.internal.bind.TypeAdapters$EnumTypeAdapter,68, LD
com.google.gson.internal.bind.TypeAdapters,com.google.gson.Gson,37, LD
com.google.gson.internal.bind.TypeAdapters,com.google.gson.Gson$FutureTypeAdapter,37, LD
com.google.gson.internal.bind.MapTypeAdapterFactory,com.google.gson.internal.bind.MapTypeAdapterFactory$Adapter,22, LD
com.google.gson.internal.LinkedTreeMap$Node,com.google.gson.internal.LinkedTreeMap,15, LD
com.google.gson.internal.LinkedTreeMap$Node,com.google.gson.internal.LinkedTreeMap$LinkedTreeMapIterator,15, LD
com.google.gson.internal.LinkedTreeMap$Node,com.google.gson.internal.LinkedTreeMap$EntrySet,15, LD
com.google.gson.internal.LinkedTreeMap$Node,com.google.gson.internal.LinkedTreeMap$KeySet,15, LD
com.google.gson.internal.bind.DefaultDateTypeAdapter,com.google.gson.internal.bind.DefaultDateTypeAdapter$DateType,6, LD
com.google.gson.internal.$Gson$Types,com.google.gson.internal.$Gson$Types$ParameterizedTypeImpl,27, LD
com.google.gson.internal.$Gson$Types,com.google.gson.internal.$Gson$Types$GenericArrayTypeImpl,27, LD
com.google.gson.internal.$Gson$Types,com.google.gson.internal.$Gson$Types$WildcardTypeImpl,27, LD
com.google.gson.internal.$Gson$Types$GenericArrayTypeImpl,com.google.gson.internal.$Gson$Types,27, LD
com.google.gson.internal.$Gson$Types$GenericArrayTypeImpl,com.google.gson.internal.$Gson$Types$ParameterizedTypeImpl,27, LD
com.google.gson.internal.$Gson$Types$GenericArrayTypeImpl,com.google.gson.internal.$Gson$Types$WildcardTypeImpl,27, LD
com.google.gson.internal.bind.ReflectiveTypeAdapterFactory$FieldReflectionAdapter,com.google.gson.internal.bind.ReflectiveTypeAdapterFactory$BoundField,43, LD
com.google.gson.internal.bind.ReflectiveTypeAdapterFactory$FieldReflectionAdapter,com.google.gson.internal.bind.ReflectiveTypeAdapterFactory$Adapter,43, LD
com.google.gson.internal.bind.ReflectiveTypeAdapterFactory$FieldReflectionAdapter,com.google.gson.internal.bind.ReflectiveTypeAdapterFactory$RecordAdapter,43, LD
com.google.gson.internal.bind.ReflectiveTypeAdapterFactory$FieldReflectionAdapter,com.google.gson.Gson,21, LD
com.google.gson.internal.bind.ReflectiveTypeAdapterFactory$FieldReflectionAdapter,com.google.gson.Gson$FutureTypeAdapter,21, LD
com.google.gson.internal.bind.ReflectiveTypeAdapterFactory$FieldReflectionAdapter,com.google.gson.internal.bind.ReflectiveTypeAdapterFactory,43, LD
com.google.gson.JsonNull,com.google.gson.JsonObject,15, LD
com.google.gson.JsonNull,com.google.gson.JsonPrimitive,12, LD
com.google.gson.JsonNull,com.google.gson.JsonArray,12, LD
com.google.gson.JsonNull,com.google.gson.JsonElement,10, LD
com.google.gson.internal.$Gson$Types$ParameterizedTypeImpl,com.google.gson.internal.$Gson$Types,27, LD
com.google.gson.internal.$Gson$Types$ParameterizedTypeImpl,com.google.gson.internal.$Gson$Types$GenericArrayTypeImpl,27, LD
com.google.gson.internal.$Gson$Types$ParameterizedTypeImpl,com.google.gson.internal.$Gson$Types$WildcardTypeImpl,27, LD
com.google.gson.Gson$FutureTypeAdapter,com.google.gson.Gson,170, LD
com.google.gson.Gson$FutureTypeAdapter,com.google.gson.GsonBuilder,46, LD
com.google.gson.Gson$FutureTypeAdapter,com.google.gson.internal.bind.TypeAdapters,37, LD
com.google.gson.Gson$FutureTypeAdapter,com.google.gson.internal.bind.TypeAdapters$EnumTypeAdapter,37, LD
com.google.gson.JsonElement,com.google.gson.JsonPrimitive,16, LD
com.google.gson.JsonElement,com.google.gson.JsonArray,14, LD
com.google.gson.JsonParser,com.google.gson.Gson,13, LD
com.google.gson.JsonParser,com.google.gson.Gson$FutureTypeAdapter,13, LD
com.google.gson.internal.bind.TreeTypeAdapter$SingleTypeFactory,com.google.gson.internal.bind.TreeTypeAdapter,10, LD
com.google.gson.internal.bind.TreeTypeAdapter$SingleTypeFactory,com.google.gson.internal.bind.TreeTypeAdapter$GsonContextImpl,10, LD
com.google.gson.annotations.Since,com.google.gson.annotations.Until,6, LD
com.google.gson.internal.bind.CollectionTypeAdapterFactory,com.google.gson.internal.bind.CollectionTypeAdapterFactory$Adapter,9, LD
com.google.gson.internal.Streams,com.google.gson.internal.Streams$AppendableWriter,17, LD
com.google.gson.internal.bind.TypeAdapters$EnumTypeAdapter,com.google.gson.internal.bind.TypeAdapters,68, LD
com.google.gson.internal.bind.TypeAdapters$EnumTypeAdapter,com.google.gson.Gson,37, LD
com.google.gson.internal.bind.TypeAdapters$EnumTypeAdapter,com.google.gson.Gson$FutureTypeAdapter,37, LD
com.google.gson.JsonObject,com.google.gson.JsonArray,21, LD
com.google.gson.JsonObject,com.google.gson.JsonNull,15, LD
com.google.gson.JsonObject,com.google.gson.JsonPrimitive,17, LD
com.google.gson.internal.LinkedTreeMap$KeySet,com.google.gson.internal.LinkedTreeMap,15, LD
com.google.gson.internal.LinkedTreeMap$KeySet,com.google.gson.internal.LinkedTreeMap$Node,15, LD
com.google.gson.internal.LinkedTreeMap$KeySet,com.google.gson.internal.LinkedTreeMap$LinkedTreeMapIterator,15, LD
com.google.gson.internal.LinkedTreeMap$KeySet,com.google.gson.internal.LinkedTreeMap$EntrySet,15, LD
com.google.gson.JsonArray,com.google.gson.JsonElement,14, LD
com.google.gson.JsonArray,com.google.gson.JsonObject,21, LD
com.google.gson.JsonArray,com.google.gson.JsonPrimitive,18, LD
com.google.gson.internal.bind.ReflectiveTypeAdapterFactory$Adapter,com.google.gson.internal.bind.ReflectiveTypeAdapterFactory$BoundField,43, LD
com.google.gson.internal.bind.ReflectiveTypeAdapterFactory$Adapter,com.google.gson.internal.bind.ReflectiveTypeAdapterFactory$FieldReflectionAdapter,43, LD
com.google.gson.internal.bind.ReflectiveTypeAdapterFactory$Adapter,com.google.gson.internal.bind.ReflectiveTypeAdapterFactory$RecordAdapter,43, LD
com.google.gson.internal.bind.ReflectiveTypeAdapterFactory$Adapter,com.google.gson.Gson,21, LD
com.google.gson.internal.bind.ReflectiveTypeAdapterFactory$Adapter,com.google.gson.Gson$FutureTypeAdapter,21, LD
com.google.gson.internal.bind.ReflectiveTypeAdapterFactory$Adapter,com.google.gson.internal.bind.ReflectiveTypeAdapterFactory,43, LD
com.google.gson.internal.bind.DefaultDateTypeAdapter$DateType,com.google.gson.internal.bind.DefaultDateTypeAdapter,6, LD
com.google.gson.internal.LinkedTreeMap$EntrySet,com.google.gson.internal.LinkedTreeMap,15, LD
com.google.gson.internal.LinkedTreeMap$EntrySet,com.google.gson.internal.LinkedTreeMap$Node,15, LD
com.google.gson.internal.LinkedTreeMap$EntrySet,com.google.gson.internal.LinkedTreeMap$LinkedTreeMapIterator,15, LD
com.google.gson.internal.LinkedTreeMap$EntrySet,com.google.gson.internal.LinkedTreeMap$KeySet,15, LD
com.google.gson.internal.bind.CollectionTypeAdapterFactory$Adapter,com.google.gson.internal.bind.CollectionTypeAdapterFactory,9, LD
com.google.gson.internal.bind.TreeTypeAdapter$GsonContextImpl,com.google.gson.internal.bind.TreeTypeAdapter,10, LD
com.google.gson.internal.bind.TreeTypeAdapter$GsonContextImpl,com.google.gson.internal.bind.TreeTypeAdapter$SingleTypeFactory,10, LD
com.google.gson.internal.$Gson$Types$WildcardTypeImpl,com.google.gson.internal.$Gson$Types,27, LD
com.google.gson.internal.$Gson$Types$WildcardTypeImpl,com.google.gson.internal.$Gson$Types$ParameterizedTypeImpl,27, LD
com.google.gson.internal.$Gson$Types$WildcardTypeImpl,com.google.gson.internal.$Gson$Types$GenericArrayTypeImpl,27, LD
com.google.gson.JsonPrimitive,com.google.gson.JsonArray,18, LD
com.google.gson.JsonPrimitive,com.google.gson.JsonElement,16, LD
com.google.gson.JsonPrimitive,com.google.gson.JsonObject,17, LD
