org.apache.catalina.servlets.DefaultServlet$PrecompressedResource,org.apache.catalina.servlets.DefaultServlet,44, LD
org.apache.catalina.servlets.DefaultServlet$PrecompressedResource,org.apache.catalina.servlets.DefaultServlet$Range,44, LD
org.apache.catalina.servlets.DefaultServlet$PrecompressedResource,org.apache.catalina.servlets.DefaultServlet$CompressionFormat,44, LD
org.apache.catalina.servlets.DefaultServlet$PrecompressedResource,org.apache.catalina.servlets.DefaultServlet$SecureEntityResolver,44, LD
org.apache.catalina.connector.RequestFacade$GetParameterValuePrivilegedAction,org.apache.catalina.connector.Request,22, LD
org.apache.catalina.connector.RequestFacade$GetParameterValuePrivilegedAction,org.apache.catalina.connector.Request$SpecialAttributeAdapter,22, LD
org.apache.catalina.connector.RequestFacade$GetParameterValuePrivilegedAction,org.apache.catalina.connector.RequestFacade,27, LD
org.apache.catalina.connector.RequestFacade$GetParameterValuePrivilegedAction,org.apache.catalina.connector.RequestFacade$GetAttributePrivilegedAction,27, LD
org.apache.catalina.connector.RequestFacade$GetParameterValuePrivilegedAction,org.apache.catalina.connector.RequestFacade$GetParameterMapPrivilegedAction,27, LD
org.apache.catalina.connector.RequestFacade$GetParameterValuePrivilegedAction,org.apache.catalina.connector.RequestFacade$GetRequestDispatcherPrivilegedAction,27, LD
org.apache.catalina.connector.RequestFacade$GetParameterValuePrivilegedAction,org.apache.catalina.connector.RequestFacade$GetParameterPrivilegedAction,27, LD
org.apache.catalina.connector.RequestFacade$GetParameterValuePrivilegedAction,org.apache.catalina.connector.RequestFacade$GetParameterNamesPrivilegedAction,27, LD
org.apache.catalina.connector.RequestFacade$GetParameterValuePrivilegedAction,org.apache.catalina.connector.RequestFacade$GetCookiesPrivilegedAction,27, LD
org.apache.catalina.connector.RequestFacade$GetParameterValuePrivilegedAction,org.apache.catalina.connector.RequestFacade$GetCharacterEncodingPrivilegedAction,27, LD
org.apache.catalina.connector.RequestFacade$GetParameterValuePrivilegedAction,org.apache.catalina.connector.RequestFacade$GetHeadersPrivilegedAction,27, LD
org.apache.catalina.connector.RequestFacade$GetParameterValuePrivilegedAction,org.apache.catalina.connector.RequestFacade$GetHeaderNamesPrivilegedAction,27, LD
org.apache.catalina.connector.RequestFacade$GetParameterValuePrivilegedAction,org.apache.catalina.connector.RequestFacade$GetLocalePrivilegedAction,27, LD
org.apache.catalina.connector.RequestFacade$GetParameterValuePrivilegedAction,org.apache.catalina.connector.RequestFacade$GetLocalesPrivilegedAction,27, LD
org.apache.catalina.connector.RequestFacade$GetParameterValuePrivilegedAction,org.apache.catalina.connector.RequestFacade$GetSessionPrivilegedAction,27, LD
org.apache.catalina.Lifecycle$SingleUse,org.apache.catalina.Lifecycle,14, LD
org.apache.catalina.session.PersistentManagerBase,org.apache.catalina.session.PersistentManagerBase$PrivilegedStoreClear,29, LD
org.apache.catalina.session.PersistentManagerBase,org.apache.catalina.session.PersistentManagerBase$PrivilegedStoreRemove,29, LD
org.apache.catalina.session.PersistentManagerBase,org.apache.catalina.session.PersistentManagerBase$PrivilegedStoreLoad,29, LD
org.apache.catalina.session.PersistentManagerBase,org.apache.catalina.session.PersistentManagerBase$PrivilegedStoreSave,29, LD
org.apache.catalina.session.PersistentManagerBase,org.apache.catalina.session.PersistentManagerBase$PrivilegedStoreKeys,29, LD
org.apache.catalina.startup.ContextConfig$JavaClassCacheEntry,org.apache.catalina.startup.ContextConfig,135, LD
org.apache.catalina.startup.ContextConfig$JavaClassCacheEntry,org.apache.catalina.startup.ContextConfig$DefaultWebXmlCacheEntry,135, LD
org.apache.catalina.valves.ExtendedAccessLogValve$SessionAttributeElement,org.apache.catalina.valves.ExtendedAccessLogValve,17, LD
org.apache.catalina.valves.ExtendedAccessLogValve$SessionAttributeElement,org.apache.catalina.valves.ExtendedAccessLogValve$DateElement,17, LD
org.apache.catalina.valves.ExtendedAccessLogValve$SessionAttributeElement,org.apache.catalina.valves.ExtendedAccessLogValve$TimeElement,17, LD
org.apache.catalina.valves.ExtendedAccessLogValve$SessionAttributeElement,org.apache.catalina.valves.ExtendedAccessLogValve$RequestHeaderElement,17, LD
org.apache.catalina.valves.ExtendedAccessLogValve$SessionAttributeElement,org.apache.catalina.valves.ExtendedAccessLogValve$ResponseHeaderElement,17, LD
org.apache.catalina.valves.ExtendedAccessLogValve$SessionAttributeElement,org.apache.catalina.valves.ExtendedAccessLogValve$ServletContextElement,17, LD
org.apache.catalina.valves.ExtendedAccessLogValve$SessionAttributeElement,org.apache.catalina.valves.ExtendedAccessLogValve$CookieElement,17, LD
org.apache.catalina.valves.ExtendedAccessLogValve$SessionAttributeElement,org.apache.catalina.valves.ExtendedAccessLogValve$ResponseAllHeaderElement,17, LD
org.apache.catalina.valves.ExtendedAccessLogValve$SessionAttributeElement,org.apache.catalina.valves.ExtendedAccessLogValve$RequestAttributeElement,17, LD
org.apache.catalina.valves.ExtendedAccessLogValve$SessionAttributeElement,org.apache.catalina.valves.ExtendedAccessLogValve$RequestParameterElement,17, LD
org.apache.catalina.valves.ExtendedAccessLogValve$SessionAttributeElement,org.apache.catalina.valves.ExtendedAccessLogValve$PatternTokenizer,17, LD
org.apache.catalina.valves.ExtendedAccessLogValve$SessionAttributeElement,org.apache.catalina.valves.ExtendedAccessLogValve$ElementTimestampStruct,17, LD
org.apache.catalina.WebResourceRoot$ResourceSetType,org.apache.catalina.WebResourceRoot,16, LD
org.apache.catalina.startup.HostConfig$DeployWar,org.apache.catalina.startup.HostConfig,43, LD
org.apache.catalina.startup.HostConfig$DeployWar,org.apache.catalina.startup.HostConfig$DeployedApplication,43, LD
org.apache.catalina.startup.HostConfig$DeployWar,org.apache.catalina.startup.HostConfig$DeployDescriptor,43, LD
org.apache.catalina.startup.HostConfig$DeployWar,org.apache.catalina.startup.HostConfig$DeployDirectory,43, LD
org.apache.catalina.startup.HostConfig$DeployWar,org.apache.catalina.startup.HostConfig$ExpandedDirectoryRemovalListener,43, LD
org.apache.catalina.servlets.DefaultServlet,org.apache.catalina.servlets.DefaultServlet$Range,44, LD
org.apache.catalina.servlets.DefaultServlet,org.apache.catalina.servlets.DefaultServlet$CompressionFormat,44, LD
org.apache.catalina.servlets.DefaultServlet,org.apache.catalina.servlets.DefaultServlet$PrecompressedResource,44, LD
org.apache.catalina.servlets.DefaultServlet,org.apache.catalina.servlets.DefaultServlet$SecureEntityResolver,44, LD
org.apache.catalina.realm.GenericPrincipal$SerializablePrincipal,org.apache.catalina.realm.GenericPrincipal,17, LD
org.apache.catalina.servlets.DefaultServlet$SecureEntityResolver,org.apache.catalina.servlets.DefaultServlet,44, LD
org.apache.catalina.servlets.DefaultServlet$SecureEntityResolver,org.apache.catalina.servlets.DefaultServlet$Range,44, LD
org.apache.catalina.servlets.DefaultServlet$SecureEntityResolver,org.apache.catalina.servlets.DefaultServlet$CompressionFormat,44, LD
org.apache.catalina.servlets.DefaultServlet$SecureEntityResolver,org.apache.catalina.servlets.DefaultServlet$PrecompressedResource,44, LD
org.apache.catalina.manager.host.Constants,org.apache.catalina.manager.Constants,12, LD
org.apache.catalina.valves.ExtendedAccessLogValve$TimeElement,org.apache.catalina.valves.ExtendedAccessLogValve,17, LD
org.apache.catalina.valves.ExtendedAccessLogValve$TimeElement,org.apache.catalina.valves.ExtendedAccessLogValve$DateElement,17, LD
org.apache.catalina.valves.ExtendedAccessLogValve$TimeElement,org.apache.catalina.valves.ExtendedAccessLogValve$RequestHeaderElement,17, LD
org.apache.catalina.valves.ExtendedAccessLogValve$TimeElement,org.apache.catalina.valves.ExtendedAccessLogValve$ResponseHeaderElement,17, LD
org.apache.catalina.valves.ExtendedAccessLogValve$TimeElement,org.apache.catalina.valves.ExtendedAccessLogValve$ServletContextElement,17, LD
org.apache.catalina.valves.ExtendedAccessLogValve$TimeElement,org.apache.catalina.valves.ExtendedAccessLogValve$CookieElement,17, LD
org.apache.catalina.valves.ExtendedAccessLogValve$TimeElement,org.apache.catalina.valves.ExtendedAccessLogValve$ResponseAllHeaderElement,17, LD
org.apache.catalina.valves.ExtendedAccessLogValve$TimeElement,org.apache.catalina.valves.ExtendedAccessLogValve$RequestAttributeElement,17, LD
org.apache.catalina.valves.ExtendedAccessLogValve$TimeElement,org.apache.catalina.valves.ExtendedAccessLogValve$SessionAttributeElement,17, LD
org.apache.catalina.valves.ExtendedAccessLogValve$TimeElement,org.apache.catalina.valves.ExtendedAccessLogValve$RequestParameterElement,17, LD
org.apache.catalina.valves.ExtendedAccessLogValve$TimeElement,org.apache.catalina.valves.ExtendedAccessLogValve$PatternTokenizer,17, LD
org.apache.catalina.valves.ExtendedAccessLogValve$TimeElement,org.apache.catalina.valves.ExtendedAccessLogValve$ElementTimestampStruct,17, LD
org.apache.catalina.connector.RequestFacade$GetCookiesPrivilegedAction,org.apache.catalina.connector.Request,22, LD
org.apache.catalina.connector.RequestFacade$GetCookiesPrivilegedAction,org.apache.catalina.connector.Request$SpecialAttributeAdapter,22, LD
org.apache.catalina.connector.RequestFacade$GetCookiesPrivilegedAction,org.apache.catalina.connector.RequestFacade,27, LD
org.apache.catalina.connector.RequestFacade$GetCookiesPrivilegedAction,org.apache.catalina.connector.RequestFacade$GetAttributePrivilegedAction,27, LD
org.apache.catalina.connector.RequestFacade$GetCookiesPrivilegedAction,org.apache.catalina.connector.RequestFacade$GetParameterMapPrivilegedAction,27, LD
org.apache.catalina.connector.RequestFacade$GetCookiesPrivilegedAction,org.apache.catalina.connector.RequestFacade$GetRequestDispatcherPrivilegedAction,27, LD
org.apache.catalina.connector.RequestFacade$GetCookiesPrivilegedAction,org.apache.catalina.connector.RequestFacade$GetParameterPrivilegedAction,27, LD
org.apache.catalina.connector.RequestFacade$GetCookiesPrivilegedAction,org.apache.catalina.connector.RequestFacade$GetParameterNamesPrivilegedAction,27, LD
org.apache.catalina.connector.RequestFacade$GetCookiesPrivilegedAction,org.apache.catalina.connector.RequestFacade$GetParameterValuePrivilegedAction,27, LD
org.apache.catalina.connector.RequestFacade$GetCookiesPrivilegedAction,org.apache.catalina.connector.RequestFacade$GetCharacterEncodingPrivilegedAction,27, LD
org.apache.catalina.connector.RequestFacade$GetCookiesPrivilegedAction,org.apache.catalina.connector.RequestFacade$GetHeadersPrivilegedAction,27, LD
org.apache.catalina.connector.RequestFacade$GetCookiesPrivilegedAction,org.apache.catalina.connector.RequestFacade$GetHeaderNamesPrivilegedAction,27, LD
org.apache.catalina.connector.RequestFacade$GetCookiesPrivilegedAction,org.apache.catalina.connector.RequestFacade$GetLocalePrivilegedAction,27, LD
org.apache.catalina.connector.RequestFacade$GetCookiesPrivilegedAction,org.apache.catalina.connector.RequestFacade$GetLocalesPrivilegedAction,27, LD
org.apache.catalina.connector.RequestFacade$GetCookiesPrivilegedAction,org.apache.catalina.connector.RequestFacade$GetSessionPrivilegedAction,27, LD
org.apache.catalina.session.ManagerBase$SessionTiming,org.apache.catalina.session.ManagerBase,63, LD
org.apache.catalina.startup.Tomcat$DefaultWebXmlListener,org.apache.catalina.startup.Tomcat,39, LD
org.apache.catalina.startup.Tomcat$DefaultWebXmlListener,org.apache.catalina.startup.Tomcat$FixContextListener,39, LD
org.apache.catalina.startup.Tomcat$DefaultWebXmlListener,org.apache.catalina.startup.Tomcat$ExistingStandardWrapper,39, LD
org.apache.catalina.servlets.CGIServlet$CGIEnvironment,org.apache.catalina.servlets.CGIServlet,22, LD
org.apache.catalina.servlets.CGIServlet$CGIEnvironment,org.apache.catalina.servlets.CGIServlet$CGIRunner,22, LD
org.apache.catalina.servlets.CGIServlet$CGIEnvironment,org.apache.catalina.servlets.CGIServlet$HTTPHeaderInputStream,22, LD
org.apache.catalina.core.ApplicationHttpRequest,org.apache.catalina.core.ApplicationHttpRequest$AttributeNamesEnumerator,26, LD
org.apache.catalina.connector.RequestFacade$GetCharacterEncodingPrivilegedAction,org.apache.catalina.connector.Request,22, LD
org.apache.catalina.connector.RequestFacade$GetCharacterEncodingPrivilegedAction,org.apache.catalina.connector.Request$SpecialAttributeAdapter,22, LD
org.apache.catalina.connector.RequestFacade$GetCharacterEncodingPrivilegedAction,org.apache.catalina.connector.RequestFacade,27, LD
org.apache.catalina.connector.RequestFacade$GetCharacterEncodingPrivilegedAction,org.apache.catalina.connector.RequestFacade$GetAttributePrivilegedAction,27, LD
org.apache.catalina.connector.RequestFacade$GetCharacterEncodingPrivilegedAction,org.apache.catalina.connector.RequestFacade$GetParameterMapPrivilegedAction,27, LD
org.apache.catalina.connector.RequestFacade$GetCharacterEncodingPrivilegedAction,org.apache.catalina.connector.RequestFacade$GetRequestDispatcherPrivilegedAction,27, LD
org.apache.catalina.connector.RequestFacade$GetCharacterEncodingPrivilegedAction,org.apache.catalina.connector.RequestFacade$GetParameterPrivilegedAction,27, LD
org.apache.catalina.connector.RequestFacade$GetCharacterEncodingPrivilegedAction,org.apache.catalina.connector.RequestFacade$GetParameterNamesPrivilegedAction,27, LD
org.apache.catalina.connector.RequestFacade$GetCharacterEncodingPrivilegedAction,org.apache.catalina.connector.RequestFacade$GetParameterValuePrivilegedAction,27, LD
org.apache.catalina.connector.RequestFacade$GetCharacterEncodingPrivilegedAction,org.apache.catalina.connector.RequestFacade$GetCookiesPrivilegedAction,27, LD
org.apache.catalina.connector.RequestFacade$GetCharacterEncodingPrivilegedAction,org.apache.catalina.connector.RequestFacade$GetHeadersPrivilegedAction,27, LD
org.apache.catalina.connector.RequestFacade$GetCharacterEncodingPrivilegedAction,org.apache.catalina.connector.RequestFacade$GetHeaderNamesPrivilegedAction,27, LD
org.apache.catalina.connector.RequestFacade$GetCharacterEncodingPrivilegedAction,org.apache.catalina.connector.RequestFacade$GetLocalePrivilegedAction,27, LD
org.apache.catalina.connector.RequestFacade$GetCharacterEncodingPrivilegedAction,org.apache.catalina.connector.RequestFacade$GetLocalesPrivilegedAction,27, LD
org.apache.catalina.connector.RequestFacade$GetCharacterEncodingPrivilegedAction,org.apache.catalina.connector.RequestFacade$GetSessionPrivilegedAction,27, LD
org.apache.catalina.authenticator.jaspic.AuthConfigFactoryImpl$RegistrationListenerWrapper,org.apache.catalina.authenticator.jaspic.AuthConfigFactoryImpl,11, LD
org.apache.catalina.authenticator.jaspic.AuthConfigFactoryImpl$RegistrationListenerWrapper,org.apache.catalina.authenticator.jaspic.AuthConfigFactoryImpl$RegistrationContextImpl,11, LD
org.apache.catalina.core.ContainerBase$StartChild,org.apache.catalina.core.ContainerBase,55, LD
org.apache.catalina.core.ContainerBase$StartChild,org.apache.catalina.core.ContainerBase$PrivilegedAddChild,55, LD
org.apache.catalina.core.ContainerBase$StartChild,org.apache.catalina.core.ContainerBase$ContainerBackgroundProcessor,55, LD
org.apache.catalina.core.ContainerBase$StartChild,org.apache.catalina.core.ContainerBase$StopChild,55, LD
org.apache.catalina.core.ContainerBase$StartChild,org.apache.catalina.core.ContainerBase$StartStopThreadFactory,55, LD
org.apache.catalina.manager.Constants,org.apache.catalina.manager.HTMLManagerServlet,13, LD
org.apache.catalina.startup.Tomcat$ExistingStandardWrapper,org.apache.catalina.startup.Tomcat,39, LD
org.apache.catalina.startup.Tomcat$ExistingStandardWrapper,org.apache.catalina.startup.Tomcat$FixContextListener,39, LD
org.apache.catalina.startup.Tomcat$ExistingStandardWrapper,org.apache.catalina.startup.Tomcat$DefaultWebXmlListener,39, LD
org.apache.catalina.connector.RequestFacade$GetHeadersPrivilegedAction,org.apache.catalina.connector.Request,22, LD
org.apache.catalina.connector.RequestFacade$GetHeadersPrivilegedAction,org.apache.catalina.connector.Request$SpecialAttributeAdapter,22, LD
org.apache.catalina.connector.RequestFacade$GetHeadersPrivilegedAction,org.apache.catalina.connector.RequestFacade,27, LD
org.apache.catalina.connector.RequestFacade$GetHeadersPrivilegedAction,org.apache.catalina.connector.RequestFacade$GetAttributePrivilegedAction,27, LD
org.apache.catalina.connector.RequestFacade$GetHeadersPrivilegedAction,org.apache.catalina.connector.RequestFacade$GetParameterMapPrivilegedAction,27, LD
org.apache.catalina.connector.RequestFacade$GetHeadersPrivilegedAction,org.apache.catalina.connector.RequestFacade$GetRequestDispatcherPrivilegedAction,27, LD
org.apache.catalina.connector.RequestFacade$GetHeadersPrivilegedAction,org.apache.catalina.connector.RequestFacade$GetParameterPrivilegedAction,27, LD
org.apache.catalina.connector.RequestFacade$GetHeadersPrivilegedAction,org.apache.catalina.connector.RequestFacade$GetParameterNamesPrivilegedAction,27, LD
org.apache.catalina.connector.RequestFacade$GetHeadersPrivilegedAction,org.apache.catalina.connector.RequestFacade$GetParameterValuePrivilegedAction,27, LD
org.apache.catalina.connector.RequestFacade$GetHeadersPrivilegedAction,org.apache.catalina.connector.RequestFacade$GetCookiesPrivilegedAction,27, LD
org.apache.catalina.connector.RequestFacade$GetHeadersPrivilegedAction,org.apache.catalina.connector.RequestFacade$GetCharacterEncodingPrivilegedAction,27, LD
org.apache.catalina.connector.RequestFacade$GetHeadersPrivilegedAction,org.apache.catalina.connector.RequestFacade$GetHeaderNamesPrivilegedAction,27, LD
org.apache.catalina.connector.RequestFacade$GetHeadersPrivilegedAction,org.apache.catalina.connector.RequestFacade$GetLocalePrivilegedAction,27, LD
org.apache.catalina.connector.RequestFacade$GetHeadersPrivilegedAction,org.apache.catalina.connector.RequestFacade$GetLocalesPrivilegedAction,27, LD
org.apache.catalina.connector.RequestFacade$GetHeadersPrivilegedAction,org.apache.catalina.connector.RequestFacade$GetSessionPrivilegedAction,27, LD
org.apache.catalina.startup.HostConfig$DeployDirectory,org.apache.catalina.startup.HostConfig,43, LD
org.apache.catalina.startup.HostConfig$DeployDirectory,org.apache.catalina.startup.HostConfig$DeployedApplication,43, LD
org.apache.catalina.startup.HostConfig$DeployDirectory,org.apache.catalina.startup.HostConfig$DeployDescriptor,43, LD
org.apache.catalina.startup.HostConfig$DeployDirectory,org.apache.catalina.startup.HostConfig$DeployWar,43, LD
org.apache.catalina.startup.HostConfig$DeployDirectory,org.apache.catalina.startup.HostConfig$ExpandedDirectoryRemovalListener,43, LD
org.apache.catalina.valves.ExtendedAccessLogValve$RequestParameterElement,org.apache.catalina.valves.ExtendedAccessLogValve,17, LD
org.apache.catalina.valves.ExtendedAccessLogValve$RequestParameterElement,org.apache.catalina.valves.ExtendedAccessLogValve$DateElement,17, LD
org.apache.catalina.valves.ExtendedAccessLogValve$RequestParameterElement,org.apache.catalina.valves.ExtendedAccessLogValve$TimeElement,17, LD
org.apache.catalina.valves.ExtendedAccessLogValve$RequestParameterElement,org.apache.catalina.valves.ExtendedAccessLogValve$RequestHeaderElement,17, LD
org.apache.catalina.valves.ExtendedAccessLogValve$RequestParameterElement,org.apache.catalina.valves.ExtendedAccessLogValve$ResponseHeaderElement,17, LD
org.apache.catalina.valves.ExtendedAccessLogValve$RequestParameterElement,org.apache.catalina.valves.ExtendedAccessLogValve$ServletContextElement,17, LD
org.apache.catalina.valves.ExtendedAccessLogValve$RequestParameterElement,org.apache.catalina.valves.ExtendedAccessLogValve$CookieElement,17, LD
org.apache.catalina.valves.ExtendedAccessLogValve$RequestParameterElement,org.apache.catalina.valves.ExtendedAccessLogValve$ResponseAllHeaderElement,17, LD
org.apache.catalina.valves.ExtendedAccessLogValve$RequestParameterElement,org.apache.catalina.valves.ExtendedAccessLogValve$RequestAttributeElement,17, LD
org.apache.catalina.valves.ExtendedAccessLogValve$RequestParameterElement,org.apache.catalina.valves.ExtendedAccessLogValve$SessionAttributeElement,17, LD
org.apache.catalina.valves.ExtendedAccessLogValve$RequestParameterElement,org.apache.catalina.valves.ExtendedAccessLogValve$PatternTokenizer,17, LD
org.apache.catalina.valves.ExtendedAccessLogValve$RequestParameterElement,org.apache.catalina.valves.ExtendedAccessLogValve$ElementTimestampStruct,17, LD
org.apache.catalina.webresources.StandardRoot$BaseLocation,org.apache.catalina.webresources.StandardRoot,37, LD
org.apache.catalina.filters.RemoteIpFilter,org.apache.catalina.filters.RemoteIpFilter$XForwardedRequest,25, LD
org.apache.catalina.webresources.JarWarResource,org.apache.catalina.webresources.JarResource,13, LD
org.apache.catalina.authenticator.BasicAuthenticator,org.apache.catalina.authenticator.BasicAuthenticator$BasicCredentials,18, LD
org.apache.catalina.realm.RealmBase,org.apache.catalina.realm.RealmBase$AllRolesMode,52, LD
org.apache.catalina.core.ContainerBase$StopChild,org.apache.catalina.core.ContainerBase,55, LD
org.apache.catalina.core.ContainerBase$StopChild,org.apache.catalina.core.ContainerBase$PrivilegedAddChild,55, LD
org.apache.catalina.core.ContainerBase$StopChild,org.apache.catalina.core.ContainerBase$ContainerBackgroundProcessor,55, LD
org.apache.catalina.core.ContainerBase$StopChild,org.apache.catalina.core.ContainerBase$StartChild,55, LD
org.apache.catalina.core.ContainerBase$StopChild,org.apache.catalina.core.ContainerBase$StartStopThreadFactory,55, LD
org.apache.catalina.connector.RequestFacade$GetHeaderNamesPrivilegedAction,org.apache.catalina.connector.Request,22, LD
org.apache.catalina.connector.RequestFacade$GetHeaderNamesPrivilegedAction,org.apache.catalina.connector.Request$SpecialAttributeAdapter,22, LD
org.apache.catalina.connector.RequestFacade$GetHeaderNamesPrivilegedAction,org.apache.catalina.connector.RequestFacade,27, LD
org.apache.catalina.connector.RequestFacade$GetHeaderNamesPrivilegedAction,org.apache.catalina.connector.RequestFacade$GetAttributePrivilegedAction,27, LD
org.apache.catalina.connector.RequestFacade$GetHeaderNamesPrivilegedAction,org.apache.catalina.connector.RequestFacade$GetParameterMapPrivilegedAction,27, LD
org.apache.catalina.connector.RequestFacade$GetHeaderNamesPrivilegedAction,org.apache.catalina.connector.RequestFacade$GetRequestDispatcherPrivilegedAction,27, LD
org.apache.catalina.connector.RequestFacade$GetHeaderNamesPrivilegedAction,org.apache.catalina.connector.RequestFacade$GetParameterPrivilegedAction,27, LD
org.apache.catalina.connector.RequestFacade$GetHeaderNamesPrivilegedAction,org.apache.catalina.connector.RequestFacade$GetParameterNamesPrivilegedAction,27, LD
org.apache.catalina.connector.RequestFacade$GetHeaderNamesPrivilegedAction,org.apache.catalina.connector.RequestFacade$GetParameterValuePrivilegedAction,27, LD
org.apache.catalina.connector.RequestFacade$GetHeaderNamesPrivilegedAction,org.apache.catalina.connector.RequestFacade$GetCookiesPrivilegedAction,27, LD
org.apache.catalina.connector.RequestFacade$GetHeaderNamesPrivilegedAction,org.apache.catalina.connector.RequestFacade$GetCharacterEncodingPrivilegedAction,27, LD
org.apache.catalina.connector.RequestFacade$GetHeaderNamesPrivilegedAction,org.apache.catalina.connector.RequestFacade$GetHeadersPrivilegedAction,27, LD
org.apache.catalina.connector.RequestFacade$GetHeaderNamesPrivilegedAction,org.apache.catalina.connector.RequestFacade$GetLocalePrivilegedAction,27, LD
org.apache.catalina.connector.RequestFacade$GetHeaderNamesPrivilegedAction,org.apache.catalina.connector.RequestFacade$GetLocalesPrivilegedAction,27, LD
org.apache.catalina.connector.RequestFacade$GetHeaderNamesPrivilegedAction,org.apache.catalina.connector.RequestFacade$GetSessionPrivilegedAction,27, LD
org.apache.catalina.core.ApplicationContext$DispatchData,org.apache.catalina.core.ApplicationContext,90, LD
org.apache.catalina.core.ApplicationContext$DispatchData,org.apache.catalina.core.StandardContext,35, LD
org.apache.catalina.core.ApplicationContext$DispatchData,org.apache.catalina.core.StandardContext$ContextFilterMaps,35, LD
org.apache.catalina.core.ApplicationContext$DispatchData,org.apache.catalina.core.StandardContext$NoPluggabilityServletContext,35, LD
org.apache.catalina.connector.Request,org.apache.catalina.connector.Request$SpecialAttributeAdapter,178, LD
org.apache.catalina.servlets.CGIServlet$HTTPHeaderInputStream,org.apache.catalina.servlets.CGIServlet,22, LD
org.apache.catalina.servlets.CGIServlet$HTTPHeaderInputStream,org.apache.catalina.servlets.CGIServlet$CGIEnvironment,22, LD
org.apache.catalina.servlets.CGIServlet$HTTPHeaderInputStream,org.apache.catalina.servlets.CGIServlet$CGIRunner,22, LD
org.apache.catalina.connector.Request$SpecialAttributeAdapter,org.apache.catalina.connector.Request,178, LD
org.apache.catalina.authenticator.AuthenticatorBase$JaspicState,org.apache.catalina.authenticator.AuthenticatorBase,42, LD
org.apache.catalina.servlets.WebdavServlet,org.apache.catalina.servlets.WebdavServlet$LockInfo,30, LD
org.apache.catalina.servlets.WebdavServlet,org.apache.catalina.servlets.WebdavServlet$WebdavResolver,30, LD
org.apache.catalina.session.ManagerBase,org.apache.catalina.session.ManagerBase$SessionTiming,63, LD
org.apache.catalina.authenticator.jaspic.AuthConfigFactoryImpl$RegistrationContextImpl,org.apache.catalina.authenticator.jaspic.AuthConfigFactoryImpl,11, LD
org.apache.catalina.authenticator.jaspic.AuthConfigFactoryImpl$RegistrationContextImpl,org.apache.catalina.authenticator.jaspic.AuthConfigFactoryImpl$RegistrationListenerWrapper,11, LD
org.apache.catalina.authenticator.DigestAuthenticator$DigestInfo,org.apache.catalina.authenticator.DigestAuthenticator,27, LD
org.apache.catalina.authenticator.DigestAuthenticator$DigestInfo,org.apache.catalina.authenticator.DigestAuthenticator$NonceInfo,27, LD
org.apache.catalina.connector.RequestFacade$GetAttributePrivilegedAction,org.apache.catalina.connector.Request,22, LD
org.apache.catalina.connector.RequestFacade$GetAttributePrivilegedAction,org.apache.catalina.connector.Request$SpecialAttributeAdapter,22, LD
org.apache.catalina.connector.RequestFacade$GetAttributePrivilegedAction,org.apache.catalina.connector.RequestFacade,27, LD
org.apache.catalina.connector.RequestFacade$GetAttributePrivilegedAction,org.apache.catalina.connector.RequestFacade$GetParameterMapPrivilegedAction,27, LD
org.apache.catalina.connector.RequestFacade$GetAttributePrivilegedAction,org.apache.catalina.connector.RequestFacade$GetRequestDispatcherPrivilegedAction,27, LD
org.apache.catalina.connector.RequestFacade$GetAttributePrivilegedAction,org.apache.catalina.connector.RequestFacade$GetParameterPrivilegedAction,27, LD
org.apache.catalina.connector.RequestFacade$GetAttributePrivilegedAction,org.apache.catalina.connector.RequestFacade$GetParameterNamesPrivilegedAction,27, LD
org.apache.catalina.connector.RequestFacade$GetAttributePrivilegedAction,org.apache.catalina.connector.RequestFacade$GetParameterValuePrivilegedAction,27, LD
org.apache.catalina.connector.RequestFacade$GetAttributePrivilegedAction,org.apache.catalina.connector.RequestFacade$GetCookiesPrivilegedAction,27, LD
org.apache.catalina.connector.RequestFacade$GetAttributePrivilegedAction,org.apache.catalina.connector.RequestFacade$GetCharacterEncodingPrivilegedAction,27, LD
org.apache.catalina.connector.RequestFacade$GetAttributePrivilegedAction,org.apache.catalina.connector.RequestFacade$GetHeadersPrivilegedAction,27, LD
org.apache.catalina.connector.RequestFacade$GetAttributePrivilegedAction,org.apache.catalina.connector.RequestFacade$GetHeaderNamesPrivilegedAction,27, LD
org.apache.catalina.connector.RequestFacade$GetAttributePrivilegedAction,org.apache.catalina.connector.RequestFacade$GetLocalePrivilegedAction,27, LD
org.apache.catalina.connector.RequestFacade$GetAttributePrivilegedAction,org.apache.catalina.connector.RequestFacade$GetLocalesPrivilegedAction,27, LD
org.apache.catalina.connector.RequestFacade$GetAttributePrivilegedAction,org.apache.catalina.connector.RequestFacade$GetSessionPrivilegedAction,27, LD
org.apache.catalina.servlets.WebdavServlet$LockInfo,org.apache.catalina.servlets.WebdavServlet,30, LD
org.apache.catalina.servlets.WebdavServlet$LockInfo,org.apache.catalina.servlets.WebdavServlet$WebdavResolver,30, LD
org.apache.catalina.startup.HostConfig$ExpandedDirectoryRemovalListener,org.apache.catalina.startup.HostConfig,43, LD
org.apache.catalina.startup.HostConfig$ExpandedDirectoryRemovalListener,org.apache.catalina.startup.HostConfig$DeployedApplication,43, LD
org.apache.catalina.startup.HostConfig$ExpandedDirectoryRemovalListener,org.apache.catalina.startup.HostConfig$DeployDescriptor,43, LD
org.apache.catalina.startup.HostConfig$ExpandedDirectoryRemovalListener,org.apache.catalina.startup.HostConfig$DeployWar,43, LD
org.apache.catalina.startup.HostConfig$ExpandedDirectoryRemovalListener,org.apache.catalina.startup.HostConfig$DeployDirectory,43, LD
org.apache.catalina.connector.RequestFacade$GetLocalePrivilegedAction,org.apache.catalina.connector.Request,22, LD
org.apache.catalina.connector.RequestFacade$GetLocalePrivilegedAction,org.apache.catalina.connector.Request$SpecialAttributeAdapter,22, LD
org.apache.catalina.connector.RequestFacade$GetLocalePrivilegedAction,org.apache.catalina.connector.RequestFacade,27, LD
org.apache.catalina.connector.RequestFacade$GetLocalePrivilegedAction,org.apache.catalina.connector.RequestFacade$GetAttributePrivilegedAction,27, LD
org.apache.catalina.connector.RequestFacade$GetLocalePrivilegedAction,org.apache.catalina.connector.RequestFacade$GetParameterMapPrivilegedAction,27, LD
org.apache.catalina.connector.RequestFacade$GetLocalePrivilegedAction,org.apache.catalina.connector.RequestFacade$GetRequestDispatcherPrivilegedAction,27, LD
org.apache.catalina.connector.RequestFacade$GetLocalePrivilegedAction,org.apache.catalina.connector.RequestFacade$GetParameterPrivilegedAction,27, LD
org.apache.catalina.connector.RequestFacade$GetLocalePrivilegedAction,org.apache.catalina.connector.RequestFacade$GetParameterNamesPrivilegedAction,27, LD
org.apache.catalina.connector.RequestFacade$GetLocalePrivilegedAction,org.apache.catalina.connector.RequestFacade$GetParameterValuePrivilegedAction,27, LD
org.apache.catalina.connector.RequestFacade$GetLocalePrivilegedAction,org.apache.catalina.connector.RequestFacade$GetCookiesPrivilegedAction,27, LD
org.apache.catalina.connector.RequestFacade$GetLocalePrivilegedAction,org.apache.catalina.connector.RequestFacade$GetCharacterEncodingPrivilegedAction,27, LD
org.apache.catalina.connector.RequestFacade$GetLocalePrivilegedAction,org.apache.catalina.connector.RequestFacade$GetHeadersPrivilegedAction,27, LD
org.apache.catalina.connector.RequestFacade$GetLocalePrivilegedAction,org.apache.catalina.connector.RequestFacade$GetHeaderNamesPrivilegedAction,27, LD
org.apache.catalina.connector.RequestFacade$GetLocalePrivilegedAction,org.apache.catalina.connector.RequestFacade$GetLocalesPrivilegedAction,27, LD
org.apache.catalina.connector.RequestFacade$GetLocalePrivilegedAction,org.apache.catalina.connector.RequestFacade$GetSessionPrivilegedAction,27, LD
org.apache.catalina.filters.CsrfPreventionFilter$CsrfResponseWrapper,org.apache.catalina.filters.CsrfPreventionFilter,12, LD
org.apache.catalina.filters.CsrfPreventionFilter$CsrfResponseWrapper,org.apache.catalina.filters.CsrfPreventionFilter$LruCache,12, LD
org.apache.catalina.core.ContainerBase$StartStopThreadFactory,org.apache.catalina.core.ContainerBase,55, LD
org.apache.catalina.core.ContainerBase$StartStopThreadFactory,org.apache.catalina.core.ContainerBase$PrivilegedAddChild,55, LD
org.apache.catalina.core.ContainerBase$StartStopThreadFactory,org.apache.catalina.core.ContainerBase$ContainerBackgroundProcessor,55, LD
org.apache.catalina.core.ContainerBase$StartStopThreadFactory,org.apache.catalina.core.ContainerBase$StartChild,55, LD
org.apache.catalina.core.ContainerBase$StartStopThreadFactory,org.apache.catalina.core.ContainerBase$StopChild,55, LD
org.apache.catalina.servlets.CGIServlet$CGIRunner,org.apache.catalina.servlets.CGIServlet,22, LD
org.apache.catalina.servlets.CGIServlet$CGIRunner,org.apache.catalina.servlets.CGIServlet$CGIEnvironment,22, LD
org.apache.catalina.servlets.CGIServlet$CGIRunner,org.apache.catalina.servlets.CGIServlet$HTTPHeaderInputStream,22, LD
org.apache.catalina.mapper.Mapper$ContextList,org.apache.catalina.mapper.Mapper,22, LD
org.apache.catalina.mapper.Mapper$ContextList,org.apache.catalina.mapper.Mapper$MapElement,22, LD
org.apache.catalina.mapper.Mapper$ContextList,org.apache.catalina.mapper.Mapper$MappedHost,22, LD
org.apache.catalina.mapper.Mapper$ContextList,org.apache.catalina.mapper.Mapper$MappedContext,22, LD
org.apache.catalina.mapper.Mapper$ContextList,org.apache.catalina.mapper.Mapper$ContextVersion,22, LD
org.apache.catalina.mapper.Mapper$ContextList,org.apache.catalina.mapper.Mapper$MappedWrapper,22, LD
org.apache.catalina.webresources.StandardRoot,org.apache.catalina.webresources.StandardRoot$BaseLocation,37, LD
org.apache.catalina.loader.WebappLoader,org.apache.catalina.loader.WebappClassLoader,29, LD
org.apache.catalina.core.StandardHost,org.apache.catalina.core.StandardHost$MemoryLeakTrackingListener,38, LD
org.apache.catalina.filters.CsrfPreventionFilter,org.apache.catalina.filters.CsrfPreventionFilter$CsrfResponseWrapper,12, LD
org.apache.catalina.filters.CsrfPreventionFilter,org.apache.catalina.filters.CsrfPreventionFilter$LruCache,12, LD
org.apache.catalina.connector.RequestFacade,org.apache.catalina.connector.Request,22, LD
org.apache.catalina.connector.RequestFacade,org.apache.catalina.connector.Request$SpecialAttributeAdapter,22, LD
org.apache.catalina.connector.RequestFacade,org.apache.catalina.connector.RequestFacade$GetAttributePrivilegedAction,27, LD
org.apache.catalina.connector.RequestFacade,org.apache.catalina.connector.RequestFacade$GetParameterMapPrivilegedAction,27, LD
org.apache.catalina.connector.RequestFacade,org.apache.catalina.connector.RequestFacade$GetRequestDispatcherPrivilegedAction,27, LD
org.apache.catalina.connector.RequestFacade,org.apache.catalina.connector.RequestFacade$GetParameterPrivilegedAction,27, LD
org.apache.catalina.connector.RequestFacade,org.apache.catalina.connector.RequestFacade$GetParameterNamesPrivilegedAction,27, LD
org.apache.catalina.connector.RequestFacade,org.apache.catalina.connector.RequestFacade$GetParameterValuePrivilegedAction,27, LD
org.apache.catalina.connector.RequestFacade,org.apache.catalina.connector.RequestFacade$GetCookiesPrivilegedAction,27, LD
org.apache.catalina.connector.RequestFacade,org.apache.catalina.connector.RequestFacade$GetCharacterEncodingPrivilegedAction,27, LD
org.apache.catalina.connector.RequestFacade,org.apache.catalina.connector.RequestFacade$GetHeadersPrivilegedAction,27, LD
org.apache.catalina.connector.RequestFacade,org.apache.catalina.connector.RequestFacade$GetHeaderNamesPrivilegedAction,27, LD
org.apache.catalina.connector.RequestFacade,org.apache.catalina.connector.RequestFacade$GetLocalePrivilegedAction,27, LD
org.apache.catalina.connector.RequestFacade,org.apache.catalina.connector.RequestFacade$GetLocalesPrivilegedAction,27, LD
org.apache.catalina.connector.RequestFacade,org.apache.catalina.connector.RequestFacade$GetSessionPrivilegedAction,27, LD
org.apache.catalina.connector.RequestFacade$GetLocalesPrivilegedAction,org.apache.catalina.connector.Request,22, LD
org.apache.catalina.connector.RequestFacade$GetLocalesPrivilegedAction,org.apache.catalina.connector.Request$SpecialAttributeAdapter,22, LD
org.apache.catalina.connector.RequestFacade$GetLocalesPrivilegedAction,org.apache.catalina.connector.RequestFacade,27, LD
org.apache.catalina.connector.RequestFacade$GetLocalesPrivilegedAction,org.apache.catalina.connector.RequestFacade$GetAttributePrivilegedAction,27, LD
org.apache.catalina.connector.RequestFacade$GetLocalesPrivilegedAction,org.apache.catalina.connector.RequestFacade$GetParameterMapPrivilegedAction,27, LD
org.apache.catalina.connector.RequestFacade$GetLocalesPrivilegedAction,org.apache.catalina.connector.RequestFacade$GetRequestDispatcherPrivilegedAction,27, LD
org.apache.catalina.connector.RequestFacade$GetLocalesPrivilegedAction,org.apache.catalina.connector.RequestFacade$GetParameterPrivilegedAction,27, LD
org.apache.catalina.connector.RequestFacade$GetLocalesPrivilegedAction,org.apache.catalina.connector.RequestFacade$GetParameterNamesPrivilegedAction,27, LD
org.apache.catalina.connector.RequestFacade$GetLocalesPrivilegedAction,org.apache.catalina.connector.RequestFacade$GetParameterValuePrivilegedAction,27, LD
org.apache.catalina.connector.RequestFacade$GetLocalesPrivilegedAction,org.apache.catalina.connector.RequestFacade$GetCookiesPrivilegedAction,27, LD
org.apache.catalina.connector.RequestFacade$GetLocalesPrivilegedAction,org.apache.catalina.connector.RequestFacade$GetCharacterEncodingPrivilegedAction,27, LD
org.apache.catalina.connector.RequestFacade$GetLocalesPrivilegedAction,org.apache.catalina.connector.RequestFacade$GetHeadersPrivilegedAction,27, LD
org.apache.catalina.connector.RequestFacade$GetLocalesPrivilegedAction,org.apache.catalina.connector.RequestFacade$GetHeaderNamesPrivilegedAction,27, LD
org.apache.catalina.connector.RequestFacade$GetLocalesPrivilegedAction,org.apache.catalina.connector.RequestFacade$GetLocalePrivilegedAction,27, LD
org.apache.catalina.connector.RequestFacade$GetLocalesPrivilegedAction,org.apache.catalina.connector.RequestFacade$GetSessionPrivilegedAction,27, LD
org.apache.catalina.ssi.SSIServletExternalResolver,org.apache.catalina.ssi.SSIServletExternalResolver$ServletContextAndPath,15, LD
org.apache.catalina.valves.ExtendedAccessLogValve$PatternTokenizer,org.apache.catalina.valves.ExtendedAccessLogValve,17, LD
org.apache.catalina.valves.ExtendedAccessLogValve$PatternTokenizer,org.apache.catalina.valves.ExtendedAccessLogValve$DateElement,17, LD
org.apache.catalina.valves.ExtendedAccessLogValve$PatternTokenizer,org.apache.catalina.valves.ExtendedAccessLogValve$TimeElement,17, LD
org.apache.catalina.valves.ExtendedAccessLogValve$PatternTokenizer,org.apache.catalina.valves.ExtendedAccessLogValve$RequestHeaderElement,17, LD
org.apache.catalina.valves.ExtendedAccessLogValve$PatternTokenizer,org.apache.catalina.valves.ExtendedAccessLogValve$ResponseHeaderElement,17, LD
org.apache.catalina.valves.ExtendedAccessLogValve$PatternTokenizer,org.apache.catalina.valves.ExtendedAccessLogValve$ServletContextElement,17, LD
org.apache.catalina.valves.ExtendedAccessLogValve$PatternTokenizer,org.apache.catalina.valves.ExtendedAccessLogValve$CookieElement,17, LD
org.apache.catalina.valves.ExtendedAccessLogValve$PatternTokenizer,org.apache.catalina.valves.ExtendedAccessLogValve$ResponseAllHeaderElement,17, LD
org.apache.catalina.valves.ExtendedAccessLogValve$PatternTokenizer,org.apache.catalina.valves.ExtendedAccessLogValve$RequestAttributeElement,17, LD
org.apache.catalina.valves.ExtendedAccessLogValve$PatternTokenizer,org.apache.catalina.valves.ExtendedAccessLogValve$SessionAttributeElement,17, LD
org.apache.catalina.valves.ExtendedAccessLogValve$PatternTokenizer,org.apache.catalina.valves.ExtendedAccessLogValve$RequestParameterElement,17, LD
org.apache.catalina.valves.ExtendedAccessLogValve$PatternTokenizer,org.apache.catalina.valves.ExtendedAccessLogValve$ElementTimestampStruct,17, LD
org.apache.catalina.valves.ExtendedAccessLogValve$RequestHeaderElement,org.apache.catalina.valves.ExtendedAccessLogValve,17, LD
org.apache.catalina.valves.ExtendedAccessLogValve$RequestHeaderElement,org.apache.catalina.valves.ExtendedAccessLogValve$DateElement,17, LD
org.apache.catalina.valves.ExtendedAccessLogValve$RequestHeaderElement,org.apache.catalina.valves.ExtendedAccessLogValve$TimeElement,17, LD
org.apache.catalina.valves.ExtendedAccessLogValve$RequestHeaderElement,org.apache.catalina.valves.ExtendedAccessLogValve$ResponseHeaderElement,17, LD
org.apache.catalina.valves.ExtendedAccessLogValve$RequestHeaderElement,org.apache.catalina.valves.ExtendedAccessLogValve$ServletContextElement,17, LD
org.apache.catalina.valves.ExtendedAccessLogValve$RequestHeaderElement,org.apache.catalina.valves.ExtendedAccessLogValve$CookieElement,17, LD
org.apache.catalina.valves.ExtendedAccessLogValve$RequestHeaderElement,org.apache.catalina.valves.ExtendedAccessLogValve$ResponseAllHeaderElement,17, LD
org.apache.catalina.valves.ExtendedAccessLogValve$RequestHeaderElement,org.apache.catalina.valves.ExtendedAccessLogValve$RequestAttributeElement,17, LD
org.apache.catalina.valves.ExtendedAccessLogValve$RequestHeaderElement,org.apache.catalina.valves.ExtendedAccessLogValve$SessionAttributeElement,17, LD
org.apache.catalina.valves.ExtendedAccessLogValve$RequestHeaderElement,org.apache.catalina.valves.ExtendedAccessLogValve$RequestParameterElement,17, LD
org.apache.catalina.valves.ExtendedAccessLogValve$RequestHeaderElement,org.apache.catalina.valves.ExtendedAccessLogValve$PatternTokenizer,17, LD
org.apache.catalina.valves.ExtendedAccessLogValve$RequestHeaderElement,org.apache.catalina.valves.ExtendedAccessLogValve$ElementTimestampStruct,17, LD
org.apache.catalina.connector.RequestFacade$GetParameterMapPrivilegedAction,org.apache.catalina.connector.Request,22, LD
org.apache.catalina.connector.RequestFacade$GetParameterMapPrivilegedAction,org.apache.catalina.connector.Request$SpecialAttributeAdapter,22, LD
org.apache.catalina.connector.RequestFacade$GetParameterMapPrivilegedAction,org.apache.catalina.connector.RequestFacade,27, LD
org.apache.catalina.connector.RequestFacade$GetParameterMapPrivilegedAction,org.apache.catalina.connector.RequestFacade$GetAttributePrivilegedAction,27, LD
org.apache.catalina.connector.RequestFacade$GetParameterMapPrivilegedAction,org.apache.catalina.connector.RequestFacade$GetRequestDispatcherPrivilegedAction,27, LD
org.apache.catalina.connector.RequestFacade$GetParameterMapPrivilegedAction,org.apache.catalina.connector.RequestFacade$GetParameterPrivilegedAction,27, LD
org.apache.catalina.connector.RequestFacade$GetParameterMapPrivilegedAction,org.apache.catalina.connector.RequestFacade$GetParameterNamesPrivilegedAction,27, LD
org.apache.catalina.connector.RequestFacade$GetParameterMapPrivilegedAction,org.apache.catalina.connector.RequestFacade$GetParameterValuePrivilegedAction,27, LD
org.apache.catalina.connector.RequestFacade$GetParameterMapPrivilegedAction,org.apache.catalina.connector.RequestFacade$GetCookiesPrivilegedAction,27, LD
org.apache.catalina.connector.RequestFacade$GetParameterMapPrivilegedAction,org.apache.catalina.connector.RequestFacade$GetCharacterEncodingPrivilegedAction,27, LD
org.apache.catalina.connector.RequestFacade$GetParameterMapPrivilegedAction,org.apache.catalina.connector.RequestFacade$GetHeadersPrivilegedAction,27, LD
org.apache.catalina.connector.RequestFacade$GetParameterMapPrivilegedAction,org.apache.catalina.connector.RequestFacade$GetHeaderNamesPrivilegedAction,27, LD
org.apache.catalina.connector.RequestFacade$GetParameterMapPrivilegedAction,org.apache.catalina.connector.RequestFacade$GetLocalePrivilegedAction,27, LD
org.apache.catalina.connector.RequestFacade$GetParameterMapPrivilegedAction,org.apache.catalina.connector.RequestFacade$GetLocalesPrivilegedAction,27, LD
org.apache.catalina.connector.RequestFacade$GetParameterMapPrivilegedAction,org.apache.catalina.connector.RequestFacade$GetSessionPrivilegedAction,27, LD
org.apache.catalina.core.ApplicationContextFacade,org.apache.catalina.core.ApplicationContextFacade$PrivilegedExecuteMethod,18, LD
org.apache.catalina.mapper.Mapper,org.apache.catalina.mapper.Mapper$MapElement,22, LD
org.apache.catalina.mapper.Mapper,org.apache.catalina.mapper.Mapper$MappedHost,22, LD
org.apache.catalina.mapper.Mapper,org.apache.catalina.mapper.Mapper$ContextList,22, LD
org.apache.catalina.mapper.Mapper,org.apache.catalina.mapper.Mapper$MappedContext,22, LD
org.apache.catalina.mapper.Mapper,org.apache.catalina.mapper.Mapper$ContextVersion,22, LD
org.apache.catalina.mapper.Mapper,org.apache.catalina.mapper.Mapper$MappedWrapper,22, LD
org.apache.catalina.realm.RealmBase$AllRolesMode,org.apache.catalina.realm.RealmBase,52, LD
org.apache.catalina.ssi.SSIServletExternalResolver$ServletContextAndPath,org.apache.catalina.ssi.SSIServletExternalResolver,15, LD
org.apache.catalina.loader.WebappClassLoaderBase$PrivilegedHasLoggingConfig,org.apache.catalina.loader.WebappClassLoaderBase,17, LD
org.apache.catalina.loader.WebappClassLoaderBase$PrivilegedHasLoggingConfig,org.apache.catalina.loader.WebappClassLoaderBase$PrivilegedFindClassByName,17, LD
org.apache.catalina.loader.WebappClassLoaderBase$PrivilegedHasLoggingConfig,org.apache.catalina.loader.WebappClassLoaderBase$PrivilegedGetClassLoader,17, LD
org.apache.catalina.realm.JNDIRealm$User,org.apache.catalina.realm.JNDIRealm,26, LD
org.apache.catalina.webresources.JarResource,org.apache.catalina.webresources.JarWarResource,13, LD
org.apache.catalina.connector.RequestFacade$GetSessionPrivilegedAction,org.apache.catalina.connector.Request,22, LD
org.apache.catalina.connector.RequestFacade$GetSessionPrivilegedAction,org.apache.catalina.connector.Request$SpecialAttributeAdapter,22, LD
org.apache.catalina.connector.RequestFacade$GetSessionPrivilegedAction,org.apache.catalina.connector.RequestFacade,27, LD
org.apache.catalina.connector.RequestFacade$GetSessionPrivilegedAction,org.apache.catalina.connector.RequestFacade$GetAttributePrivilegedAction,27, LD
org.apache.catalina.connector.RequestFacade$GetSessionPrivilegedAction,org.apache.catalina.connector.RequestFacade$GetParameterMapPrivilegedAction,27, LD
org.apache.catalina.connector.RequestFacade$GetSessionPrivilegedAction,org.apache.catalina.connector.RequestFacade$GetRequestDispatcherPrivilegedAction,27, LD
org.apache.catalina.connector.RequestFacade$GetSessionPrivilegedAction,org.apache.catalina.connector.RequestFacade$GetParameterPrivilegedAction,27, LD
org.apache.catalina.connector.RequestFacade$GetSessionPrivilegedAction,org.apache.catalina.connector.RequestFacade$GetParameterNamesPrivilegedAction,27, LD
org.apache.catalina.connector.RequestFacade$GetSessionPrivilegedAction,org.apache.catalina.connector.RequestFacade$GetParameterValuePrivilegedAction,27, LD
org.apache.catalina.connector.RequestFacade$GetSessionPrivilegedAction,org.apache.catalina.connector.RequestFacade$GetCookiesPrivilegedAction,27, LD
org.apache.catalina.connector.RequestFacade$GetSessionPrivilegedAction,org.apache.catalina.connector.RequestFacade$GetCharacterEncodingPrivilegedAction,27, LD
org.apache.catalina.connector.RequestFacade$GetSessionPrivilegedAction,org.apache.catalina.connector.RequestFacade$GetHeadersPrivilegedAction,27, LD
org.apache.catalina.connector.RequestFacade$GetSessionPrivilegedAction,org.apache.catalina.connector.RequestFacade$GetHeaderNamesPrivilegedAction,27, LD
org.apache.catalina.connector.RequestFacade$GetSessionPrivilegedAction,org.apache.catalina.connector.RequestFacade$GetLocalePrivilegedAction,27, LD
org.apache.catalina.connector.RequestFacade$GetSessionPrivilegedAction,org.apache.catalina.connector.RequestFacade$GetLocalesPrivilegedAction,27, LD
org.apache.catalina.authenticator.DigestAuthenticator$NonceInfo,org.apache.catalina.authenticator.DigestAuthenticator,27, LD
org.apache.catalina.authenticator.DigestAuthenticator$NonceInfo,org.apache.catalina.authenticator.DigestAuthenticator$DigestInfo,27, LD
org.apache.catalina.realm.JDBCRealm,org.apache.catalina.realm.DataSourceRealm,20, LD
org.apache.catalina.realm.JDBCRealm,org.apache.catalina.realm.MemoryRealm,19, LD
org.apache.catalina.connector.RequestFacade$GetRequestDispatcherPrivilegedAction,org.apache.catalina.connector.Request,22, LD
org.apache.catalina.connector.RequestFacade$GetRequestDispatcherPrivilegedAction,org.apache.catalina.connector.Request$SpecialAttributeAdapter,22, LD
org.apache.catalina.connector.RequestFacade$GetRequestDispatcherPrivilegedAction,org.apache.catalina.connector.RequestFacade,27, LD
org.apache.catalina.connector.RequestFacade$GetRequestDispatcherPrivilegedAction,org.apache.catalina.connector.RequestFacade$GetAttributePrivilegedAction,27, LD
org.apache.catalina.connector.RequestFacade$GetRequestDispatcherPrivilegedAction,org.apache.catalina.connector.RequestFacade$GetParameterMapPrivilegedAction,27, LD
org.apache.catalina.connector.RequestFacade$GetRequestDispatcherPrivilegedAction,org.apache.catalina.connector.RequestFacade$GetParameterPrivilegedAction,27, LD
org.apache.catalina.connector.RequestFacade$GetRequestDispatcherPrivilegedAction,org.apache.catalina.connector.RequestFacade$GetParameterNamesPrivilegedAction,27, LD
org.apache.catalina.connector.RequestFacade$GetRequestDispatcherPrivilegedAction,org.apache.catalina.connector.RequestFacade$GetParameterValuePrivilegedAction,27, LD
org.apache.catalina.connector.RequestFacade$GetRequestDispatcherPrivilegedAction,org.apache.catalina.connector.RequestFacade$GetCookiesPrivilegedAction,27, LD
org.apache.catalina.connector.RequestFacade$GetRequestDispatcherPrivilegedAction,org.apache.catalina.connector.RequestFacade$GetCharacterEncodingPrivilegedAction,27, LD
org.apache.catalina.connector.RequestFacade$GetRequestDispatcherPrivilegedAction,org.apache.catalina.connector.RequestFacade$GetHeadersPrivilegedAction,27, LD
org.apache.catalina.connector.RequestFacade$GetRequestDispatcherPrivilegedAction,org.apache.catalina.connector.RequestFacade$GetHeaderNamesPrivilegedAction,27, LD
org.apache.catalina.connector.RequestFacade$GetRequestDispatcherPrivilegedAction,org.apache.catalina.connector.RequestFacade$GetLocalePrivilegedAction,27, LD
org.apache.catalina.connector.RequestFacade$GetRequestDispatcherPrivilegedAction,org.apache.catalina.connector.RequestFacade$GetLocalesPrivilegedAction,27, LD
org.apache.catalina.connector.RequestFacade$GetRequestDispatcherPrivilegedAction,org.apache.catalina.connector.RequestFacade$GetSessionPrivilegedAction,27, LD
org.apache.catalina.core.StandardHost$MemoryLeakTrackingListener,org.apache.catalina.core.StandardHost,38, LD
org.apache.catalina.Lifecycle,org.apache.catalina.Lifecycle$SingleUse,14, LD
org.apache.catalina.authenticator.AuthenticatorBase,org.apache.catalina.authenticator.AuthenticatorBase$JaspicState,42, LD
org.apache.catalina.core.ApplicationMapping,org.apache.catalina.core.ApplicationMapping$MappingImpl,11, LD
org.apache.catalina.authenticator.BasicAuthenticator$BasicCredentials,org.apache.catalina.authenticator.BasicAuthenticator,18, LD
org.apache.catalina.loader.WebappClassLoaderBase$PrivilegedGetClassLoader,org.apache.catalina.loader.WebappClassLoaderBase,17, LD
org.apache.catalina.loader.WebappClassLoaderBase$PrivilegedGetClassLoader,org.apache.catalina.loader.WebappClassLoaderBase$PrivilegedFindClassByName,17, LD
org.apache.catalina.loader.WebappClassLoaderBase$PrivilegedGetClassLoader,org.apache.catalina.loader.WebappClassLoaderBase$PrivilegedHasLoggingConfig,17, LD
org.apache.catalina.valves.ExtendedAccessLogValve$ResponseHeaderElement,org.apache.catalina.valves.ExtendedAccessLogValve,17, LD
org.apache.catalina.valves.ExtendedAccessLogValve$ResponseHeaderElement,org.apache.catalina.valves.ExtendedAccessLogValve$DateElement,17, LD
org.apache.catalina.valves.ExtendedAccessLogValve$ResponseHeaderElement,org.apache.catalina.valves.ExtendedAccessLogValve$TimeElement,17, LD
org.apache.catalina.valves.ExtendedAccessLogValve$ResponseHeaderElement,org.apache.catalina.valves.ExtendedAccessLogValve$RequestHeaderElement,17, LD
org.apache.catalina.valves.ExtendedAccessLogValve$ResponseHeaderElement,org.apache.catalina.valves.ExtendedAccessLogValve$ServletContextElement,17, LD
org.apache.catalina.valves.ExtendedAccessLogValve$ResponseHeaderElement,org.apache.catalina.valves.ExtendedAccessLogValve$CookieElement,17, LD
org.apache.catalina.valves.ExtendedAccessLogValve$ResponseHeaderElement,org.apache.catalina.valves.ExtendedAccessLogValve$ResponseAllHeaderElement,17, LD
org.apache.catalina.valves.ExtendedAccessLogValve$ResponseHeaderElement,org.apache.catalina.valves.ExtendedAccessLogValve$RequestAttributeElement,17, LD
org.apache.catalina.valves.ExtendedAccessLogValve$ResponseHeaderElement,org.apache.catalina.valves.ExtendedAccessLogValve$SessionAttributeElement,17, LD
org.apache.catalina.valves.ExtendedAccessLogValve$ResponseHeaderElement,org.apache.catalina.valves.ExtendedAccessLogValve$RequestParameterElement,17, LD
org.apache.catalina.valves.ExtendedAccessLogValve$ResponseHeaderElement,org.apache.catalina.valves.ExtendedAccessLogValve$PatternTokenizer,17, LD
org.apache.catalina.valves.ExtendedAccessLogValve$ResponseHeaderElement,org.apache.catalina.valves.ExtendedAccessLogValve$ElementTimestampStruct,17, LD
org.apache.catalina.connector.RequestFacade$GetParameterPrivilegedAction,org.apache.catalina.connector.Request,22, LD
org.apache.catalina.connector.RequestFacade$GetParameterPrivilegedAction,org.apache.catalina.connector.Request$SpecialAttributeAdapter,22, LD
org.apache.catalina.connector.RequestFacade$GetParameterPrivilegedAction,org.apache.catalina.connector.RequestFacade,27, LD
org.apache.catalina.connector.RequestFacade$GetParameterPrivilegedAction,org.apache.catalina.connector.RequestFacade$GetAttributePrivilegedAction,27, LD
org.apache.catalina.connector.RequestFacade$GetParameterPrivilegedAction,org.apache.catalina.connector.RequestFacade$GetParameterMapPrivilegedAction,27, LD
org.apache.catalina.connector.RequestFacade$GetParameterPrivilegedAction,org.apache.catalina.connector.RequestFacade$GetRequestDispatcherPrivilegedAction,27, LD
org.apache.catalina.connector.RequestFacade$GetParameterPrivilegedAction,org.apache.catalina.connector.RequestFacade$GetParameterNamesPrivilegedAction,27, LD
org.apache.catalina.connector.RequestFacade$GetParameterPrivilegedAction,org.apache.catalina.connector.RequestFacade$GetParameterValuePrivilegedAction,27, LD
org.apache.catalina.connector.RequestFacade$GetParameterPrivilegedAction,org.apache.catalina.connector.RequestFacade$GetCookiesPrivilegedAction,27, LD
org.apache.catalina.connector.RequestFacade$GetParameterPrivilegedAction,org.apache.catalina.connector.RequestFacade$GetCharacterEncodingPrivilegedAction,27, LD
org.apache.catalina.connector.RequestFacade$GetParameterPrivilegedAction,org.apache.catalina.connector.RequestFacade$GetHeadersPrivilegedAction,27, LD
org.apache.catalina.connector.RequestFacade$GetParameterPrivilegedAction,org.apache.catalina.connector.RequestFacade$GetHeaderNamesPrivilegedAction,27, LD
org.apache.catalina.connector.RequestFacade$GetParameterPrivilegedAction,org.apache.catalina.connector.RequestFacade$GetLocalePrivilegedAction,27, LD
org.apache.catalina.connector.RequestFacade$GetParameterPrivilegedAction,org.apache.catalina.connector.RequestFacade$GetLocalesPrivilegedAction,27, LD
org.apache.catalina.connector.RequestFacade$GetParameterPrivilegedAction,org.apache.catalina.connector.RequestFacade$GetSessionPrivilegedAction,27, LD
org.apache.catalina.mapper.Mapper$MapElement,org.apache.catalina.mapper.Mapper,22, LD
org.apache.catalina.mapper.Mapper$MapElement,org.apache.catalina.mapper.Mapper$MappedHost,22, LD
org.apache.catalina.mapper.Mapper$MapElement,org.apache.catalina.mapper.Mapper$ContextList,22, LD
org.apache.catalina.mapper.Mapper$MapElement,org.apache.catalina.mapper.Mapper$MappedContext,22, LD
org.apache.catalina.mapper.Mapper$MapElement,org.apache.catalina.mapper.Mapper$ContextVersion,22, LD
org.apache.catalina.mapper.Mapper$MapElement,org.apache.catalina.mapper.Mapper$MappedWrapper,22, LD
org.apache.catalina.authenticator.DigestAuthenticator,org.apache.catalina.authenticator.DigestAuthenticator$DigestInfo,27, LD
org.apache.catalina.authenticator.DigestAuthenticator,org.apache.catalina.authenticator.DigestAuthenticator$NonceInfo,27, LD
org.apache.catalina.Container,org.apache.catalina.core.ContainerBase,16, LD
org.apache.catalina.Container,org.apache.catalina.core.ContainerBase$PrivilegedAddChild,16, LD
org.apache.catalina.Container,org.apache.catalina.core.ContainerBase$ContainerBackgroundProcessor,16, LD
org.apache.catalina.Container,org.apache.catalina.core.ContainerBase$StartChild,16, LD
org.apache.catalina.Container,org.apache.catalina.core.ContainerBase$StopChild,16, LD
org.apache.catalina.Container,org.apache.catalina.core.ContainerBase$StartStopThreadFactory,16, LD
org.apache.catalina.core.DefaultInstanceManager,org.apache.catalina.core.DefaultInstanceManager$AnnotationCacheEntry,18, LD
org.apache.catalina.core.DefaultInstanceManager,org.apache.catalina.core.DefaultInstanceManager$AnnotationCacheEntryType,18, LD
org.apache.catalina.loader.WebappClassLoaderBase$PrivilegedFindClassByName,org.apache.catalina.loader.WebappClassLoaderBase,17, LD
org.apache.catalina.loader.WebappClassLoaderBase$PrivilegedFindClassByName,org.apache.catalina.loader.WebappClassLoaderBase$PrivilegedGetClassLoader,17, LD
org.apache.catalina.loader.WebappClassLoaderBase$PrivilegedFindClassByName,org.apache.catalina.loader.WebappClassLoaderBase$PrivilegedHasLoggingConfig,17, LD
org.apache.catalina.startup.FailedContext,org.apache.catalina.Context,30, LD
org.apache.catalina.startup.FailedContext,org.apache.catalina.core.StandardContext,29, LD
org.apache.catalina.startup.FailedContext,org.apache.catalina.core.StandardContext$ContextFilterMaps,29, LD
org.apache.catalina.startup.FailedContext,org.apache.catalina.core.StandardContext$NoPluggabilityServletContext,29, LD
org.apache.catalina.connector.RequestFacade$GetParameterNamesPrivilegedAction,org.apache.catalina.connector.Request,22, LD
org.apache.catalina.connector.RequestFacade$GetParameterNamesPrivilegedAction,org.apache.catalina.connector.Request$SpecialAttributeAdapter,22, LD
org.apache.catalina.connector.RequestFacade$GetParameterNamesPrivilegedAction,org.apache.catalina.connector.RequestFacade,27, LD
org.apache.catalina.connector.RequestFacade$GetParameterNamesPrivilegedAction,org.apache.catalina.connector.RequestFacade$GetAttributePrivilegedAction,27, LD
org.apache.catalina.connector.RequestFacade$GetParameterNamesPrivilegedAction,org.apache.catalina.connector.RequestFacade$GetParameterMapPrivilegedAction,27, LD
org.apache.catalina.connector.RequestFacade$GetParameterNamesPrivilegedAction,org.apache.catalina.connector.RequestFacade$GetRequestDispatcherPrivilegedAction,27, LD
org.apache.catalina.connector.RequestFacade$GetParameterNamesPrivilegedAction,org.apache.catalina.connector.RequestFacade$GetParameterPrivilegedAction,27, LD
org.apache.catalina.connector.RequestFacade$GetParameterNamesPrivilegedAction,org.apache.catalina.connector.RequestFacade$GetParameterValuePrivilegedAction,27, LD
org.apache.catalina.connector.RequestFacade$GetParameterNamesPrivilegedAction,org.apache.catalina.connector.RequestFacade$GetCookiesPrivilegedAction,27, LD
org.apache.catalina.connector.RequestFacade$GetParameterNamesPrivilegedAction,org.apache.catalina.connector.RequestFacade$GetCharacterEncodingPrivilegedAction,27, LD
org.apache.catalina.connector.RequestFacade$GetParameterNamesPrivilegedAction,org.apache.catalina.connector.RequestFacade$GetHeadersPrivilegedAction,27, LD
org.apache.catalina.connector.RequestFacade$GetParameterNamesPrivilegedAction,org.apache.catalina.connector.RequestFacade$GetHeaderNamesPrivilegedAction,27, LD
org.apache.catalina.connector.RequestFacade$GetParameterNamesPrivilegedAction,org.apache.catalina.connector.RequestFacade$GetLocalePrivilegedAction,27, LD
org.apache.catalina.connector.RequestFacade$GetParameterNamesPrivilegedAction,org.apache.catalina.connector.RequestFacade$GetLocalesPrivilegedAction,27, LD
org.apache.catalina.connector.RequestFacade$GetParameterNamesPrivilegedAction,org.apache.catalina.connector.RequestFacade$GetSessionPrivilegedAction,27, LD
org.apache.catalina.startup.Tomcat$FixContextListener,org.apache.catalina.startup.Tomcat,39, LD
org.apache.catalina.startup.Tomcat$FixContextListener,org.apache.catalina.startup.Tomcat$DefaultWebXmlListener,39, LD
org.apache.catalina.startup.Tomcat$FixContextListener,org.apache.catalina.startup.Tomcat$ExistingStandardWrapper,39, LD
org.apache.catalina.mapper.Mapper$MappedHost,org.apache.catalina.mapper.Mapper,22, LD
org.apache.catalina.mapper.Mapper$MappedHost,org.apache.catalina.mapper.Mapper$MapElement,22, LD
org.apache.catalina.mapper.Mapper$MappedHost,org.apache.catalina.mapper.Mapper$ContextList,22, LD
org.apache.catalina.mapper.Mapper$MappedHost,org.apache.catalina.mapper.Mapper$MappedContext,22, LD
org.apache.catalina.mapper.Mapper$MappedHost,org.apache.catalina.mapper.Mapper$ContextVersion,22, LD
org.apache.catalina.mapper.Mapper$MappedHost,org.apache.catalina.mapper.Mapper$MappedWrapper,22, LD
org.apache.catalina.valves.ExtendedAccessLogValve$ServletContextElement,org.apache.catalina.valves.ExtendedAccessLogValve,17, LD
org.apache.catalina.valves.ExtendedAccessLogValve$ServletContextElement,org.apache.catalina.valves.ExtendedAccessLogValve$DateElement,17, LD
org.apache.catalina.valves.ExtendedAccessLogValve$ServletContextElement,org.apache.catalina.valves.ExtendedAccessLogValve$TimeElement,17, LD
org.apache.catalina.valves.ExtendedAccessLogValve$ServletContextElement,org.apache.catalina.valves.ExtendedAccessLogValve$RequestHeaderElement,17, LD
org.apache.catalina.valves.ExtendedAccessLogValve$ServletContextElement,org.apache.catalina.valves.ExtendedAccessLogValve$ResponseHeaderElement,17, LD
org.apache.catalina.valves.ExtendedAccessLogValve$ServletContextElement,org.apache.catalina.valves.ExtendedAccessLogValve$CookieElement,17, LD
org.apache.catalina.valves.ExtendedAccessLogValve$ServletContextElement,org.apache.catalina.valves.ExtendedAccessLogValve$ResponseAllHeaderElement,17, LD
org.apache.catalina.valves.ExtendedAccessLogValve$ServletContextElement,org.apache.catalina.valves.ExtendedAccessLogValve$RequestAttributeElement,17, LD
org.apache.catalina.valves.ExtendedAccessLogValve$ServletContextElement,org.apache.catalina.valves.ExtendedAccessLogValve$SessionAttributeElement,17, LD
org.apache.catalina.valves.ExtendedAccessLogValve$ServletContextElement,org.apache.catalina.valves.ExtendedAccessLogValve$RequestParameterElement,17, LD
org.apache.catalina.valves.ExtendedAccessLogValve$ServletContextElement,org.apache.catalina.valves.ExtendedAccessLogValve$PatternTokenizer,17, LD
org.apache.catalina.valves.ExtendedAccessLogValve$ServletContextElement,org.apache.catalina.valves.ExtendedAccessLogValve$ElementTimestampStruct,17, LD
org.apache.catalina.startup.HostConfig,org.apache.catalina.startup.HostConfig$DeployedApplication,43, LD
org.apache.catalina.startup.HostConfig,org.apache.catalina.startup.HostConfig$DeployDescriptor,43, LD
org.apache.catalina.startup.HostConfig,org.apache.catalina.startup.HostConfig$DeployWar,43, LD
org.apache.catalina.startup.HostConfig,org.apache.catalina.startup.HostConfig$DeployDirectory,43, LD
org.apache.catalina.startup.HostConfig,org.apache.catalina.startup.HostConfig$ExpandedDirectoryRemovalListener,43, LD
org.apache.catalina.webresources.AbstractArchiveResource,org.apache.catalina.webresources.AbstractArchiveResource$JarInputStreamWrapper,14, LD
org.apache.catalina.mapper.Mapper$MappedContext,org.apache.catalina.mapper.Mapper,22, LD
org.apache.catalina.mapper.Mapper$MappedContext,org.apache.catalina.mapper.Mapper$MapElement,22, LD
org.apache.catalina.mapper.Mapper$MappedContext,org.apache.catalina.mapper.Mapper$MappedHost,22, LD
org.apache.catalina.mapper.Mapper$MappedContext,org.apache.catalina.mapper.Mapper$ContextList,22, LD
org.apache.catalina.mapper.Mapper$MappedContext,org.apache.catalina.mapper.Mapper$ContextVersion,22, LD
org.apache.catalina.mapper.Mapper$MappedContext,org.apache.catalina.mapper.Mapper$MappedWrapper,22, LD
org.apache.catalina.core.ApplicationContext,org.apache.catalina.core.ApplicationContext$DispatchData,90, LD
org.apache.catalina.core.ApplicationContext,org.apache.catalina.core.StandardContext,35, LD
org.apache.catalina.core.ApplicationContext,org.apache.catalina.core.StandardContext$ContextFilterMaps,35, LD
org.apache.catalina.core.ApplicationContext,org.apache.catalina.core.StandardContext$NoPluggabilityServletContext,35, LD
org.apache.catalina.session.PersistentManagerBase$PrivilegedStoreClear,org.apache.catalina.session.PersistentManagerBase,29, LD
org.apache.catalina.session.PersistentManagerBase$PrivilegedStoreClear,org.apache.catalina.session.PersistentManagerBase$PrivilegedStoreRemove,29, LD
org.apache.catalina.session.PersistentManagerBase$PrivilegedStoreClear,org.apache.catalina.session.PersistentManagerBase$PrivilegedStoreLoad,29, LD
org.apache.catalina.session.PersistentManagerBase$PrivilegedStoreClear,org.apache.catalina.session.PersistentManagerBase$PrivilegedStoreSave,29, LD
org.apache.catalina.session.PersistentManagerBase$PrivilegedStoreClear,org.apache.catalina.session.PersistentManagerBase$PrivilegedStoreKeys,29, LD
org.apache.catalina.startup.Catalina,org.apache.catalina.startup.Catalina$CatalinaShutdownHook,32, LD
org.apache.catalina.Manager,org.apache.catalina.session.ManagerBase,15, LD
org.apache.catalina.Manager,org.apache.catalina.session.ManagerBase$SessionTiming,15, LD
org.apache.catalina.valves.ExtendedAccessLogValve$RequestAttributeElement,org.apache.catalina.valves.ExtendedAccessLogValve,17, LD
org.apache.catalina.valves.ExtendedAccessLogValve$RequestAttributeElement,org.apache.catalina.valves.ExtendedAccessLogValve$DateElement,17, LD
org.apache.catalina.valves.ExtendedAccessLogValve$RequestAttributeElement,org.apache.catalina.valves.ExtendedAccessLogValve$TimeElement,17, LD
org.apache.catalina.valves.ExtendedAccessLogValve$RequestAttributeElement,org.apache.catalina.valves.ExtendedAccessLogValve$RequestHeaderElement,17, LD
org.apache.catalina.valves.ExtendedAccessLogValve$RequestAttributeElement,org.apache.catalina.valves.ExtendedAccessLogValve$ResponseHeaderElement,17, LD
org.apache.catalina.valves.ExtendedAccessLogValve$RequestAttributeElement,org.apache.catalina.valves.ExtendedAccessLogValve$ServletContextElement,17, LD
org.apache.catalina.valves.ExtendedAccessLogValve$RequestAttributeElement,org.apache.catalina.valves.ExtendedAccessLogValve$CookieElement,17, LD
org.apache.catalina.valves.ExtendedAccessLogValve$RequestAttributeElement,org.apache.catalina.valves.ExtendedAccessLogValve$ResponseAllHeaderElement,17, LD
org.apache.catalina.valves.ExtendedAccessLogValve$RequestAttributeElement,org.apache.catalina.valves.ExtendedAccessLogValve$SessionAttributeElement,17, LD
org.apache.catalina.valves.ExtendedAccessLogValve$RequestAttributeElement,org.apache.catalina.valves.ExtendedAccessLogValve$RequestParameterElement,17, LD
org.apache.catalina.valves.ExtendedAccessLogValve$RequestAttributeElement,org.apache.catalina.valves.ExtendedAccessLogValve$PatternTokenizer,17, LD
org.apache.catalina.valves.ExtendedAccessLogValve$RequestAttributeElement,org.apache.catalina.valves.ExtendedAccessLogValve$ElementTimestampStruct,17, LD
org.apache.catalina.connector.CoyoteAdapter$RecycleRequiredException,org.apache.catalina.connector.CoyoteAdapter,129, LD
org.apache.catalina.connector.CoyoteAdapter$RecycleRequiredException,org.apache.catalina.connector.Request,44, LD
org.apache.catalina.connector.CoyoteAdapter$RecycleRequiredException,org.apache.catalina.connector.Request$SpecialAttributeAdapter,44, LD
org.apache.catalina.mapper.Mapper$ContextVersion,org.apache.catalina.mapper.Mapper,22, LD
org.apache.catalina.mapper.Mapper$ContextVersion,org.apache.catalina.mapper.Mapper$MapElement,22, LD
org.apache.catalina.mapper.Mapper$ContextVersion,org.apache.catalina.mapper.Mapper$MappedHost,22, LD
org.apache.catalina.mapper.Mapper$ContextVersion,org.apache.catalina.mapper.Mapper$ContextList,22, LD
org.apache.catalina.mapper.Mapper$ContextVersion,org.apache.catalina.mapper.Mapper$MappedContext,22, LD
org.apache.catalina.mapper.Mapper$ContextVersion,org.apache.catalina.mapper.Mapper$MappedWrapper,22, LD
org.apache.catalina.core.AsyncContextImpl,org.apache.catalina.core.AsyncContextImpl$DebugException,49, LD
org.apache.catalina.core.AsyncContextImpl,org.apache.catalina.core.AsyncContextImpl$RunnableWrapper,49, LD
org.apache.catalina.core.AsyncContextImpl,org.apache.catalina.core.AsyncContextImpl$AsyncRunnable,49, LD
org.apache.catalina.core.DefaultInstanceManager$AnnotationCacheEntryType,org.apache.catalina.core.DefaultInstanceManager,18, LD
org.apache.catalina.core.DefaultInstanceManager$AnnotationCacheEntryType,org.apache.catalina.core.DefaultInstanceManager$AnnotationCacheEntry,18, LD
org.apache.catalina.connector.CoyoteAdapter,org.apache.catalina.connector.CoyoteAdapter$RecycleRequiredException,129, LD
org.apache.catalina.connector.CoyoteAdapter,org.apache.catalina.connector.Request,44, LD
org.apache.catalina.connector.CoyoteAdapter,org.apache.catalina.connector.Request$SpecialAttributeAdapter,44, LD
org.apache.catalina.WebResourceRoot,org.apache.catalina.WebResourceRoot$ResourceSetType,16, LD
org.apache.catalina.loader.WebappClassLoader,org.apache.catalina.loader.WebappLoader,29, LD
org.apache.catalina.core.ApplicationDispatcher$PrivilegedForward,org.apache.catalina.core.ApplicationDispatcher,33, LD
org.apache.catalina.core.ApplicationDispatcher$PrivilegedForward,org.apache.catalina.core.ApplicationDispatcher$PrivilegedInclude,33, LD
org.apache.catalina.core.ApplicationDispatcher$PrivilegedForward,org.apache.catalina.core.ApplicationDispatcher$PrivilegedDispatch,33, LD
org.apache.catalina.core.ApplicationDispatcher$PrivilegedForward,org.apache.catalina.core.ApplicationDispatcher$State,33, LD
org.apache.catalina.core.AsyncContextImpl$DebugException,org.apache.catalina.core.AsyncContextImpl,49, LD
org.apache.catalina.core.AsyncContextImpl$DebugException,org.apache.catalina.core.AsyncContextImpl$RunnableWrapper,49, LD
org.apache.catalina.core.AsyncContextImpl$DebugException,org.apache.catalina.core.AsyncContextImpl$AsyncRunnable,49, LD
org.apache.catalina.core.StandardContext$ContextFilterMaps,org.apache.catalina.Context,68, LD
org.apache.catalina.core.StandardContext$ContextFilterMaps,org.apache.catalina.core.StandardContext,213, LD
org.apache.catalina.core.StandardContext$ContextFilterMaps,org.apache.catalina.core.StandardContext$NoPluggabilityServletContext,213, LD
org.apache.catalina.authenticator.SpnegoAuthenticator,org.apache.catalina.authenticator.SpnegoAuthenticator$AcceptAction,19, LD
org.apache.catalina.authenticator.SpnegoAuthenticator,org.apache.catalina.authenticator.SpnegoAuthenticator$AuthenticateAction,19, LD
org.apache.catalina.authenticator.SpnegoAuthenticator,org.apache.catalina.authenticator.SpnegoAuthenticator$SpnegoTokenFixer,19, LD
org.apache.catalina.core.AsyncContextImpl$RunnableWrapper,org.apache.catalina.core.AsyncContextImpl,49, LD
org.apache.catalina.core.AsyncContextImpl$RunnableWrapper,org.apache.catalina.core.AsyncContextImpl$DebugException,49, LD
org.apache.catalina.core.AsyncContextImpl$RunnableWrapper,org.apache.catalina.core.AsyncContextImpl$AsyncRunnable,49, LD
org.apache.catalina.core.ContainerBase,org.apache.catalina.core.ContainerBase$PrivilegedAddChild,55, LD
org.apache.catalina.core.ContainerBase,org.apache.catalina.core.ContainerBase$ContainerBackgroundProcessor,55, LD
org.apache.catalina.core.ContainerBase,org.apache.catalina.core.ContainerBase$StartChild,55, LD
org.apache.catalina.core.ContainerBase,org.apache.catalina.core.ContainerBase$StopChild,55, LD
org.apache.catalina.core.ContainerBase,org.apache.catalina.core.ContainerBase$StartStopThreadFactory,55, LD
org.apache.catalina.filters.CsrfPreventionFilter$LruCache,org.apache.catalina.filters.CsrfPreventionFilter,12, LD
org.apache.catalina.filters.CsrfPreventionFilter$LruCache,org.apache.catalina.filters.CsrfPreventionFilter$CsrfResponseWrapper,12, LD
org.apache.catalina.startup.Catalina$CatalinaShutdownHook,org.apache.catalina.startup.Catalina,32, LD
org.apache.catalina.webresources.AbstractArchiveResource$JarInputStreamWrapper,org.apache.catalina.webresources.AbstractArchiveResource,14, LD
org.apache.catalina.loader.WebappClassLoaderBase,org.apache.catalina.loader.WebappClassLoaderBase$PrivilegedFindClassByName,17, LD
org.apache.catalina.loader.WebappClassLoaderBase,org.apache.catalina.loader.WebappClassLoaderBase$PrivilegedGetClassLoader,17, LD
org.apache.catalina.loader.WebappClassLoaderBase,org.apache.catalina.loader.WebappClassLoaderBase$PrivilegedHasLoggingConfig,17, LD
org.apache.catalina.core.StandardContext$NoPluggabilityServletContext,org.apache.catalina.Context,68, LD
org.apache.catalina.core.StandardContext$NoPluggabilityServletContext,org.apache.catalina.core.StandardContext,213, LD
org.apache.catalina.core.StandardContext$NoPluggabilityServletContext,org.apache.catalina.core.StandardContext$ContextFilterMaps,213, LD
org.apache.catalina.startup.Tomcat,org.apache.catalina.startup.Tomcat$FixContextListener,39, LD
org.apache.catalina.startup.Tomcat,org.apache.catalina.startup.Tomcat$DefaultWebXmlListener,39, LD
org.apache.catalina.startup.Tomcat,org.apache.catalina.startup.Tomcat$ExistingStandardWrapper,39, LD
org.apache.catalina.filters.RemoteIpFilter$XForwardedRequest,org.apache.catalina.filters.RemoteIpFilter,25, LD
org.apache.catalina.core.ApplicationDispatcher$PrivilegedInclude,org.apache.catalina.core.ApplicationDispatcher,33, LD
org.apache.catalina.core.ApplicationDispatcher$PrivilegedInclude,org.apache.catalina.core.ApplicationDispatcher$PrivilegedForward,33, LD
org.apache.catalina.core.ApplicationDispatcher$PrivilegedInclude,org.apache.catalina.core.ApplicationDispatcher$PrivilegedDispatch,33, LD
org.apache.catalina.core.ApplicationDispatcher$PrivilegedInclude,org.apache.catalina.core.ApplicationDispatcher$State,33, LD
org.apache.catalina.authenticator.SpnegoAuthenticator$SpnegoTokenFixer,org.apache.catalina.authenticator.SpnegoAuthenticator,19, LD
org.apache.catalina.authenticator.SpnegoAuthenticator$SpnegoTokenFixer,org.apache.catalina.authenticator.SpnegoAuthenticator$AcceptAction,19, LD
org.apache.catalina.authenticator.SpnegoAuthenticator$SpnegoTokenFixer,org.apache.catalina.authenticator.SpnegoAuthenticator$AuthenticateAction,19, LD
org.apache.catalina.core.StandardContext,org.apache.catalina.Context,68, LD
org.apache.catalina.core.StandardContext,org.apache.catalina.core.StandardContext$ContextFilterMaps,213, LD
org.apache.catalina.core.StandardContext,org.apache.catalina.core.StandardContext$NoPluggabilityServletContext,213, LD
org.apache.catalina.session.StandardManager,org.apache.catalina.session.StandardManager$PrivilegedDoLoad,30, LD
org.apache.catalina.session.StandardManager,org.apache.catalina.session.StandardManager$PrivilegedDoUnload,30, LD
org.apache.catalina.authenticator.jaspic.AuthConfigFactoryImpl,org.apache.catalina.authenticator.jaspic.AuthConfigFactoryImpl$RegistrationContextImpl,11, LD
org.apache.catalina.authenticator.jaspic.AuthConfigFactoryImpl,org.apache.catalina.authenticator.jaspic.AuthConfigFactoryImpl$RegistrationListenerWrapper,11, LD
org.apache.catalina.valves.ExtendedAccessLogValve$ResponseAllHeaderElement,org.apache.catalina.valves.ExtendedAccessLogValve,17, LD
org.apache.catalina.valves.ExtendedAccessLogValve$ResponseAllHeaderElement,org.apache.catalina.valves.ExtendedAccessLogValve$DateElement,17, LD
org.apache.catalina.valves.ExtendedAccessLogValve$ResponseAllHeaderElement,org.apache.catalina.valves.ExtendedAccessLogValve$TimeElement,17, LD
org.apache.catalina.valves.ExtendedAccessLogValve$ResponseAllHeaderElement,org.apache.catalina.valves.ExtendedAccessLogValve$RequestHeaderElement,17, LD
org.apache.catalina.valves.ExtendedAccessLogValve$ResponseAllHeaderElement,org.apache.catalina.valves.ExtendedAccessLogValve$ResponseHeaderElement,17, LD
org.apache.catalina.valves.ExtendedAccessLogValve$ResponseAllHeaderElement,org.apache.catalina.valves.ExtendedAccessLogValve$ServletContextElement,17, LD
org.apache.catalina.valves.ExtendedAccessLogValve$ResponseAllHeaderElement,org.apache.catalina.valves.ExtendedAccessLogValve$CookieElement,17, LD
org.apache.catalina.valves.ExtendedAccessLogValve$ResponseAllHeaderElement,org.apache.catalina.valves.ExtendedAccessLogValve$RequestAttributeElement,17, LD
org.apache.catalina.valves.ExtendedAccessLogValve$ResponseAllHeaderElement,org.apache.catalina.valves.ExtendedAccessLogValve$SessionAttributeElement,17, LD
org.apache.catalina.valves.ExtendedAccessLogValve$ResponseAllHeaderElement,org.apache.catalina.valves.ExtendedAccessLogValve$RequestParameterElement,17, LD
org.apache.catalina.valves.ExtendedAccessLogValve$ResponseAllHeaderElement,org.apache.catalina.valves.ExtendedAccessLogValve$PatternTokenizer,17, LD
org.apache.catalina.valves.ExtendedAccessLogValve$ResponseAllHeaderElement,org.apache.catalina.valves.ExtendedAccessLogValve$ElementTimestampStruct,17, LD
org.apache.catalina.core.ApplicationContextFacade$PrivilegedExecuteMethod,org.apache.catalina.core.ApplicationContextFacade,18, LD
org.apache.catalina.realm.MemoryRealm,org.apache.catalina.realm.JDBCRealm,19, LD
org.apache.catalina.mapper.Mapper$MappedWrapper,org.apache.catalina.mapper.Mapper,22, LD
org.apache.catalina.mapper.Mapper$MappedWrapper,org.apache.catalina.mapper.Mapper$MapElement,22, LD
org.apache.catalina.mapper.Mapper$MappedWrapper,org.apache.catalina.mapper.Mapper$MappedHost,22, LD
org.apache.catalina.mapper.Mapper$MappedWrapper,org.apache.catalina.mapper.Mapper$ContextList,22, LD
org.apache.catalina.mapper.Mapper$MappedWrapper,org.apache.catalina.mapper.Mapper$MappedContext,22, LD
org.apache.catalina.mapper.Mapper$MappedWrapper,org.apache.catalina.mapper.Mapper$ContextVersion,22, LD
org.apache.catalina.realm.GenericPrincipal,org.apache.catalina.realm.GenericPrincipal$SerializablePrincipal,17, LD
org.apache.catalina.core.ApplicationHttpRequest$AttributeNamesEnumerator,org.apache.catalina.core.ApplicationHttpRequest,26, LD
org.apache.catalina.core.ContainerBase$PrivilegedAddChild,org.apache.catalina.core.ContainerBase,55, LD
org.apache.catalina.core.ContainerBase$PrivilegedAddChild,org.apache.catalina.core.ContainerBase$ContainerBackgroundProcessor,55, LD
org.apache.catalina.core.ContainerBase$PrivilegedAddChild,org.apache.catalina.core.ContainerBase$StartChild,55, LD
org.apache.catalina.core.ContainerBase$PrivilegedAddChild,org.apache.catalina.core.ContainerBase$StopChild,55, LD
org.apache.catalina.core.ContainerBase$PrivilegedAddChild,org.apache.catalina.core.ContainerBase$StartStopThreadFactory,55, LD
org.apache.catalina.core.ApplicationDispatcher$PrivilegedDispatch,org.apache.catalina.core.ApplicationDispatcher,33, LD
org.apache.catalina.core.ApplicationDispatcher$PrivilegedDispatch,org.apache.catalina.core.ApplicationDispatcher$PrivilegedForward,33, LD
org.apache.catalina.core.ApplicationDispatcher$PrivilegedDispatch,org.apache.catalina.core.ApplicationDispatcher$PrivilegedInclude,33, LD
org.apache.catalina.core.ApplicationDispatcher$PrivilegedDispatch,org.apache.catalina.core.ApplicationDispatcher$State,33, LD
org.apache.catalina.session.PersistentManagerBase$PrivilegedStoreKeys,org.apache.catalina.session.PersistentManagerBase,29, LD
org.apache.catalina.session.PersistentManagerBase$PrivilegedStoreKeys,org.apache.catalina.session.PersistentManagerBase$PrivilegedStoreClear,29, LD
org.apache.catalina.session.PersistentManagerBase$PrivilegedStoreKeys,org.apache.catalina.session.PersistentManagerBase$PrivilegedStoreRemove,29, LD
org.apache.catalina.session.PersistentManagerBase$PrivilegedStoreKeys,org.apache.catalina.session.PersistentManagerBase$PrivilegedStoreLoad,29, LD
org.apache.catalina.session.PersistentManagerBase$PrivilegedStoreKeys,org.apache.catalina.session.PersistentManagerBase$PrivilegedStoreSave,29, LD
org.apache.catalina.core.AsyncContextImpl$AsyncRunnable,org.apache.catalina.core.AsyncContextImpl,49, LD
org.apache.catalina.core.AsyncContextImpl$AsyncRunnable,org.apache.catalina.core.AsyncContextImpl$DebugException,49, LD
org.apache.catalina.core.AsyncContextImpl$AsyncRunnable,org.apache.catalina.core.AsyncContextImpl$RunnableWrapper,49, LD
org.apache.catalina.session.StandardManager$PrivilegedDoLoad,org.apache.catalina.session.StandardManager,30, LD
org.apache.catalina.session.StandardManager$PrivilegedDoLoad,org.apache.catalina.session.StandardManager$PrivilegedDoUnload,30, LD
org.apache.catalina.startup.HostConfig$DeployedApplication,org.apache.catalina.startup.HostConfig,43, LD
org.apache.catalina.startup.HostConfig$DeployedApplication,org.apache.catalina.startup.HostConfig$DeployDescriptor,43, LD
org.apache.catalina.startup.HostConfig$DeployedApplication,org.apache.catalina.startup.HostConfig$DeployWar,43, LD
org.apache.catalina.startup.HostConfig$DeployedApplication,org.apache.catalina.startup.HostConfig$DeployDirectory,43, LD
org.apache.catalina.startup.HostConfig$DeployedApplication,org.apache.catalina.startup.HostConfig$ExpandedDirectoryRemovalListener,43, LD
org.apache.catalina.authenticator.SpnegoAuthenticator$AuthenticateAction,org.apache.catalina.authenticator.SpnegoAuthenticator,19, LD
org.apache.catalina.authenticator.SpnegoAuthenticator$AuthenticateAction,org.apache.catalina.authenticator.SpnegoAuthenticator$AcceptAction,19, LD
org.apache.catalina.authenticator.SpnegoAuthenticator$AuthenticateAction,org.apache.catalina.authenticator.SpnegoAuthenticator$SpnegoTokenFixer,19, LD
org.apache.catalina.webresources.JarWarResourceSet,org.apache.catalina.webresources.JarResourceSet,15, LD
org.apache.catalina.core.ContainerBase$ContainerBackgroundProcessor,org.apache.catalina.core.ContainerBase,55, LD
org.apache.catalina.core.ContainerBase$ContainerBackgroundProcessor,org.apache.catalina.core.ContainerBase$PrivilegedAddChild,55, LD
org.apache.catalina.core.ContainerBase$ContainerBackgroundProcessor,org.apache.catalina.core.ContainerBase$StartChild,55, LD
org.apache.catalina.core.ContainerBase$ContainerBackgroundProcessor,org.apache.catalina.core.ContainerBase$StopChild,55, LD
org.apache.catalina.core.ContainerBase$ContainerBackgroundProcessor,org.apache.catalina.core.ContainerBase$StartStopThreadFactory,55, LD
org.apache.catalina.servlets.CGIServlet,org.apache.catalina.servlets.CGIServlet$CGIEnvironment,22, LD
org.apache.catalina.servlets.CGIServlet,org.apache.catalina.servlets.CGIServlet$CGIRunner,22, LD
org.apache.catalina.servlets.CGIServlet,org.apache.catalina.servlets.CGIServlet$HTTPHeaderInputStream,22, LD
org.apache.catalina.valves.ExtendedAccessLogValve$DateElement,org.apache.catalina.valves.ExtendedAccessLogValve,17, LD
org.apache.catalina.valves.ExtendedAccessLogValve$DateElement,org.apache.catalina.valves.ExtendedAccessLogValve$TimeElement,17, LD
org.apache.catalina.valves.ExtendedAccessLogValve$DateElement,org.apache.catalina.valves.ExtendedAccessLogValve$RequestHeaderElement,17, LD
org.apache.catalina.valves.ExtendedAccessLogValve$DateElement,org.apache.catalina.valves.ExtendedAccessLogValve$ResponseHeaderElement,17, LD
org.apache.catalina.valves.ExtendedAccessLogValve$DateElement,org.apache.catalina.valves.ExtendedAccessLogValve$ServletContextElement,17, LD
org.apache.catalina.valves.ExtendedAccessLogValve$DateElement,org.apache.catalina.valves.ExtendedAccessLogValve$CookieElement,17, LD
org.apache.catalina.valves.ExtendedAccessLogValve$DateElement,org.apache.catalina.valves.ExtendedAccessLogValve$ResponseAllHeaderElement,17, LD
org.apache.catalina.valves.ExtendedAccessLogValve$DateElement,org.apache.catalina.valves.ExtendedAccessLogValve$RequestAttributeElement,17, LD
org.apache.catalina.valves.ExtendedAccessLogValve$DateElement,org.apache.catalina.valves.ExtendedAccessLogValve$SessionAttributeElement,17, LD
org.apache.catalina.valves.ExtendedAccessLogValve$DateElement,org.apache.catalina.valves.ExtendedAccessLogValve$RequestParameterElement,17, LD
org.apache.catalina.valves.ExtendedAccessLogValve$DateElement,org.apache.catalina.valves.ExtendedAccessLogValve$PatternTokenizer,17, LD
org.apache.catalina.valves.ExtendedAccessLogValve$DateElement,org.apache.catalina.valves.ExtendedAccessLogValve$ElementTimestampStruct,17, LD
org.apache.catalina.valves.ExtendedAccessLogValve$ElementTimestampStruct,org.apache.catalina.valves.ExtendedAccessLogValve,17, LD
org.apache.catalina.valves.ExtendedAccessLogValve$ElementTimestampStruct,org.apache.catalina.valves.ExtendedAccessLogValve$DateElement,17, LD
org.apache.catalina.valves.ExtendedAccessLogValve$ElementTimestampStruct,org.apache.catalina.valves.ExtendedAccessLogValve$TimeElement,17, LD
org.apache.catalina.valves.ExtendedAccessLogValve$ElementTimestampStruct,org.apache.catalina.valves.ExtendedAccessLogValve$RequestHeaderElement,17, LD
org.apache.catalina.valves.ExtendedAccessLogValve$ElementTimestampStruct,org.apache.catalina.valves.ExtendedAccessLogValve$ResponseHeaderElement,17, LD
org.apache.catalina.valves.ExtendedAccessLogValve$ElementTimestampStruct,org.apache.catalina.valves.ExtendedAccessLogValve$ServletContextElement,17, LD
org.apache.catalina.valves.ExtendedAccessLogValve$ElementTimestampStruct,org.apache.catalina.valves.ExtendedAccessLogValve$CookieElement,17, LD
org.apache.catalina.valves.ExtendedAccessLogValve$ElementTimestampStruct,org.apache.catalina.valves.ExtendedAccessLogValve$ResponseAllHeaderElement,17, LD
org.apache.catalina.valves.ExtendedAccessLogValve$ElementTimestampStruct,org.apache.catalina.valves.ExtendedAccessLogValve$RequestAttributeElement,17, LD
org.apache.catalina.valves.ExtendedAccessLogValve$ElementTimestampStruct,org.apache.catalina.valves.ExtendedAccessLogValve$SessionAttributeElement,17, LD
org.apache.catalina.valves.ExtendedAccessLogValve$ElementTimestampStruct,org.apache.catalina.valves.ExtendedAccessLogValve$RequestParameterElement,17, LD
org.apache.catalina.valves.ExtendedAccessLogValve$ElementTimestampStruct,org.apache.catalina.valves.ExtendedAccessLogValve$PatternTokenizer,17, LD
org.apache.catalina.session.StandardManager$PrivilegedDoUnload,org.apache.catalina.session.StandardManager,30, LD
org.apache.catalina.session.StandardManager$PrivilegedDoUnload,org.apache.catalina.session.StandardManager$PrivilegedDoLoad,30, LD
org.apache.catalina.session.PersistentManagerBase$PrivilegedStoreSave,org.apache.catalina.session.PersistentManagerBase,29, LD
org.apache.catalina.session.PersistentManagerBase$PrivilegedStoreSave,org.apache.catalina.session.PersistentManagerBase$PrivilegedStoreClear,29, LD
org.apache.catalina.session.PersistentManagerBase$PrivilegedStoreSave,org.apache.catalina.session.PersistentManagerBase$PrivilegedStoreRemove,29, LD
org.apache.catalina.session.PersistentManagerBase$PrivilegedStoreSave,org.apache.catalina.session.PersistentManagerBase$PrivilegedStoreLoad,29, LD
org.apache.catalina.session.PersistentManagerBase$PrivilegedStoreSave,org.apache.catalina.session.PersistentManagerBase$PrivilegedStoreKeys,29, LD
org.apache.catalina.core.DefaultInstanceManager$AnnotationCacheEntry,org.apache.catalina.core.DefaultInstanceManager,18, LD
org.apache.catalina.core.DefaultInstanceManager$AnnotationCacheEntry,org.apache.catalina.core.DefaultInstanceManager$AnnotationCacheEntryType,18, LD
org.apache.catalina.webresources.Cache,org.apache.catalina.webresources.Cache$EvictionOrder,15, LD
org.apache.catalina.core.ApplicationDispatcher$State,org.apache.catalina.core.ApplicationDispatcher,33, LD
org.apache.catalina.core.ApplicationDispatcher$State,org.apache.catalina.core.ApplicationDispatcher$PrivilegedForward,33, LD
org.apache.catalina.core.ApplicationDispatcher$State,org.apache.catalina.core.ApplicationDispatcher$PrivilegedInclude,33, LD
org.apache.catalina.core.ApplicationDispatcher$State,org.apache.catalina.core.ApplicationDispatcher$PrivilegedDispatch,33, LD
org.apache.catalina.servlets.DefaultServlet$Range,org.apache.catalina.servlets.DefaultServlet,44, LD
org.apache.catalina.servlets.DefaultServlet$Range,org.apache.catalina.servlets.DefaultServlet$CompressionFormat,44, LD
org.apache.catalina.servlets.DefaultServlet$Range,org.apache.catalina.servlets.DefaultServlet$PrecompressedResource,44, LD
org.apache.catalina.servlets.DefaultServlet$Range,org.apache.catalina.servlets.DefaultServlet$SecureEntityResolver,44, LD
org.apache.catalina.manager.ManagerServlet,org.apache.catalina.manager.HTMLManagerServlet,25, LD
org.apache.catalina.core.ApplicationDispatcher,org.apache.catalina.core.ApplicationDispatcher$PrivilegedForward,33, LD
org.apache.catalina.core.ApplicationDispatcher,org.apache.catalina.core.ApplicationDispatcher$PrivilegedInclude,33, LD
org.apache.catalina.core.ApplicationDispatcher,org.apache.catalina.core.ApplicationDispatcher$PrivilegedDispatch,33, LD
org.apache.catalina.core.ApplicationDispatcher,org.apache.catalina.core.ApplicationDispatcher$State,33, LD
org.apache.catalina.webresources.Cache$EvictionOrder,org.apache.catalina.webresources.Cache,15, LD
org.apache.catalina.core.ApplicationMapping$MappingImpl,org.apache.catalina.core.ApplicationMapping,11, LD
org.apache.catalina.realm.DataSourceRealm,org.apache.catalina.realm.JDBCRealm,20, LD
org.apache.catalina.valves.ExtendedAccessLogValve,org.apache.catalina.valves.ExtendedAccessLogValve$DateElement,17, LD
org.apache.catalina.valves.ExtendedAccessLogValve,org.apache.catalina.valves.ExtendedAccessLogValve$TimeElement,17, LD
org.apache.catalina.valves.ExtendedAccessLogValve,org.apache.catalina.valves.ExtendedAccessLogValve$RequestHeaderElement,17, LD
org.apache.catalina.valves.ExtendedAccessLogValve,org.apache.catalina.valves.ExtendedAccessLogValve$ResponseHeaderElement,17, LD
org.apache.catalina.valves.ExtendedAccessLogValve,org.apache.catalina.valves.ExtendedAccessLogValve$ServletContextElement,17, LD
org.apache.catalina.valves.ExtendedAccessLogValve,org.apache.catalina.valves.ExtendedAccessLogValve$CookieElement,17, LD
org.apache.catalina.valves.ExtendedAccessLogValve,org.apache.catalina.valves.ExtendedAccessLogValve$ResponseAllHeaderElement,17, LD
org.apache.catalina.valves.ExtendedAccessLogValve,org.apache.catalina.valves.ExtendedAccessLogValve$RequestAttributeElement,17, LD
org.apache.catalina.valves.ExtendedAccessLogValve,org.apache.catalina.valves.ExtendedAccessLogValve$SessionAttributeElement,17, LD
org.apache.catalina.valves.ExtendedAccessLogValve,org.apache.catalina.valves.ExtendedAccessLogValve$RequestParameterElement,17, LD
org.apache.catalina.valves.ExtendedAccessLogValve,org.apache.catalina.valves.ExtendedAccessLogValve$PatternTokenizer,17, LD
org.apache.catalina.valves.ExtendedAccessLogValve,org.apache.catalina.valves.ExtendedAccessLogValve$ElementTimestampStruct,17, LD
org.apache.catalina.valves.ExtendedAccessLogValve$CookieElement,org.apache.catalina.valves.ExtendedAccessLogValve,17, LD
org.apache.catalina.valves.ExtendedAccessLogValve$CookieElement,org.apache.catalina.valves.ExtendedAccessLogValve$DateElement,17, LD
org.apache.catalina.valves.ExtendedAccessLogValve$CookieElement,org.apache.catalina.valves.ExtendedAccessLogValve$TimeElement,17, LD
org.apache.catalina.valves.ExtendedAccessLogValve$CookieElement,org.apache.catalina.valves.ExtendedAccessLogValve$RequestHeaderElement,17, LD
org.apache.catalina.valves.ExtendedAccessLogValve$CookieElement,org.apache.catalina.valves.ExtendedAccessLogValve$ResponseHeaderElement,17, LD
org.apache.catalina.valves.ExtendedAccessLogValve$CookieElement,org.apache.catalina.valves.ExtendedAccessLogValve$ServletContextElement,17, LD
org.apache.catalina.valves.ExtendedAccessLogValve$CookieElement,org.apache.catalina.valves.ExtendedAccessLogValve$ResponseAllHeaderElement,17, LD
org.apache.catalina.valves.ExtendedAccessLogValve$CookieElement,org.apache.catalina.valves.ExtendedAccessLogValve$RequestAttributeElement,17, LD
org.apache.catalina.valves.ExtendedAccessLogValve$CookieElement,org.apache.catalina.valves.ExtendedAccessLogValve$SessionAttributeElement,17, LD
org.apache.catalina.valves.ExtendedAccessLogValve$CookieElement,org.apache.catalina.valves.ExtendedAccessLogValve$RequestParameterElement,17, LD
org.apache.catalina.valves.ExtendedAccessLogValve$CookieElement,org.apache.catalina.valves.ExtendedAccessLogValve$PatternTokenizer,17, LD
org.apache.catalina.valves.ExtendedAccessLogValve$CookieElement,org.apache.catalina.valves.ExtendedAccessLogValve$ElementTimestampStruct,17, LD
org.apache.catalina.authenticator.SpnegoAuthenticator$AcceptAction,org.apache.catalina.authenticator.SpnegoAuthenticator,19, LD
org.apache.catalina.authenticator.SpnegoAuthenticator$AcceptAction,org.apache.catalina.authenticator.SpnegoAuthenticator$AuthenticateAction,19, LD
org.apache.catalina.authenticator.SpnegoAuthenticator$AcceptAction,org.apache.catalina.authenticator.SpnegoAuthenticator$SpnegoTokenFixer,19, LD
org.apache.catalina.startup.ContextConfig$DefaultWebXmlCacheEntry,org.apache.catalina.startup.ContextConfig,135, LD
org.apache.catalina.startup.ContextConfig$DefaultWebXmlCacheEntry,org.apache.catalina.startup.ContextConfig$JavaClassCacheEntry,135, LD
org.apache.catalina.session.PersistentManagerBase$PrivilegedStoreLoad,org.apache.catalina.session.PersistentManagerBase,29, LD
org.apache.catalina.session.PersistentManagerBase$PrivilegedStoreLoad,org.apache.catalina.session.PersistentManagerBase$PrivilegedStoreClear,29, LD
org.apache.catalina.session.PersistentManagerBase$PrivilegedStoreLoad,org.apache.catalina.session.PersistentManagerBase$PrivilegedStoreRemove,29, LD
org.apache.catalina.session.PersistentManagerBase$PrivilegedStoreLoad,org.apache.catalina.session.PersistentManagerBase$PrivilegedStoreSave,29, LD
org.apache.catalina.session.PersistentManagerBase$PrivilegedStoreLoad,org.apache.catalina.session.PersistentManagerBase$PrivilegedStoreKeys,29, LD
org.apache.catalina.servlets.DefaultServlet$CompressionFormat,org.apache.catalina.servlets.DefaultServlet,44, LD
org.apache.catalina.servlets.DefaultServlet$CompressionFormat,org.apache.catalina.servlets.DefaultServlet$Range,44, LD
org.apache.catalina.servlets.DefaultServlet$CompressionFormat,org.apache.catalina.servlets.DefaultServlet$PrecompressedResource,44, LD
org.apache.catalina.servlets.DefaultServlet$CompressionFormat,org.apache.catalina.servlets.DefaultServlet$SecureEntityResolver,44, LD
org.apache.catalina.startup.HostConfig$DeployDescriptor,org.apache.catalina.startup.HostConfig,43, LD
org.apache.catalina.startup.HostConfig$DeployDescriptor,org.apache.catalina.startup.HostConfig$DeployedApplication,43, LD
org.apache.catalina.startup.HostConfig$DeployDescriptor,org.apache.catalina.startup.HostConfig$DeployWar,43, LD
org.apache.catalina.startup.HostConfig$DeployDescriptor,org.apache.catalina.startup.HostConfig$DeployDirectory,43, LD
org.apache.catalina.startup.HostConfig$DeployDescriptor,org.apache.catalina.startup.HostConfig$ExpandedDirectoryRemovalListener,43, LD
org.apache.catalina.realm.JNDIRealm,org.apache.catalina.realm.JNDIRealm$User,26, LD
org.apache.catalina.startup.ContextConfig,org.apache.catalina.startup.ContextConfig$DefaultWebXmlCacheEntry,135, LD
org.apache.catalina.startup.ContextConfig,org.apache.catalina.startup.ContextConfig$JavaClassCacheEntry,135, LD
org.apache.catalina.Context,org.apache.catalina.startup.FailedContext,30, LD
org.apache.catalina.Context,org.apache.catalina.core.StandardContext,68, LD
org.apache.catalina.Context,org.apache.catalina.core.StandardContext$ContextFilterMaps,68, LD
org.apache.catalina.Context,org.apache.catalina.core.StandardContext$NoPluggabilityServletContext,68, LD
org.apache.catalina.session.PersistentManagerBase$PrivilegedStoreRemove,org.apache.catalina.session.PersistentManagerBase,29, LD
org.apache.catalina.session.PersistentManagerBase$PrivilegedStoreRemove,org.apache.catalina.session.PersistentManagerBase$PrivilegedStoreClear,29, LD
org.apache.catalina.session.PersistentManagerBase$PrivilegedStoreRemove,org.apache.catalina.session.PersistentManagerBase$PrivilegedStoreLoad,29, LD
org.apache.catalina.session.PersistentManagerBase$PrivilegedStoreRemove,org.apache.catalina.session.PersistentManagerBase$PrivilegedStoreSave,29, LD
org.apache.catalina.session.PersistentManagerBase$PrivilegedStoreRemove,org.apache.catalina.session.PersistentManagerBase$PrivilegedStoreKeys,29, LD
org.apache.catalina.servlets.WebdavServlet$WebdavResolver,org.apache.catalina.servlets.WebdavServlet,30, LD
org.apache.catalina.servlets.WebdavServlet$WebdavResolver,org.apache.catalina.servlets.WebdavServlet$LockInfo,30, LD
