com.google.gson.ExclusionStrategy,com.google.gson.GsonBuilder,125,
com.google.gson.ExclusionStrategy,com.google.gson.internal.Excluder,196,
com.google.gson.FieldAttributes,com.google.gson.ExclusionStrategy,75,
com.google.gson.FieldAttributes,com.google.gson.internal.Excluder,80,
com.google.gson.FieldNamingPolicy,com.google.gson.FieldNamingPolicy$1,250,
com.google.gson.FieldNamingPolicy,com.google.gson.FieldNamingPolicy$2,250,
com.google.gson.FieldNamingPolicy,com.google.gson.FieldNamingPolicy$3,250,
com.google.gson.FieldNamingPolicy,com.google.gson.FieldNamingPolicy$4,250,
com.google.gson.FieldNamingPolicy,com.google.gson.FieldNamingPolicy$5,250,
com.google.gson.FieldNamingPolicy,com.google.gson.FieldNamingPolicy$6,250,
com.google.gson.FieldNamingPolicy,com.google.gson.FieldNamingPolicy$7,250,
com.google.gson.FieldNamingPolicy,com.google.gson.Gson,150,
com.google.gson.FieldNamingPolicy,com.google.gson.GsonBuilder,275,
com.google.gson.FieldNamingPolicy$1,com.google.gson.FieldNamingPolicy,155,
com.google.gson.FieldNamingPolicy$2,com.google.gson.FieldNamingPolicy,30,
com.google.gson.FieldNamingPolicy$3,com.google.gson.FieldNamingPolicy,30,
com.google.gson.FieldNamingPolicy$4,com.google.gson.FieldNamingPolicy,30,
com.google.gson.FieldNamingPolicy$5,com.google.gson.FieldNamingPolicy,30,
com.google.gson.FieldNamingPolicy$6,com.google.gson.FieldNamingPolicy,30,
com.google.gson.FieldNamingPolicy$7,com.google.gson.FieldNamingPolicy,30,
com.google.gson.FieldNamingStrategy,com.google.gson.FieldNamingPolicy,250,
com.google.gson.FieldNamingStrategy,com.google.gson.Gson,175,
com.google.gson.FieldNamingStrategy,com.google.gson.GsonBuilder,250,
com.google.gson.FieldNamingStrategy,com.google.gson.internal.bind.ReflectiveTypeAdapterFactory,145,
com.google.gson.Gson,com.google.gson.Gson$1,253,
com.google.gson.Gson,com.google.gson.Gson$2,253,
com.google.gson.Gson,com.google.gson.GsonBuilder,340,
com.google.gson.Gson,com.google.gson.TypeAdapterFactory,15,
com.google.gson.Gson,com.google.gson.internal.Excluder,65,
com.google.gson.Gson,com.google.gson.internal.Excluder$1,155,
com.google.gson.Gson,com.google.gson.internal.bind.ArrayTypeAdapter,65,
com.google.gson.Gson,com.google.gson.internal.bind.ArrayTypeAdapter$1,68,
com.google.gson.Gson,com.google.gson.internal.bind.CollectionTypeAdapterFactory,65,
com.google.gson.Gson,com.google.gson.internal.bind.CollectionTypeAdapterFactory$Adapter,65,
com.google.gson.Gson,com.google.gson.internal.bind.DateTypeAdapter$1,65,
com.google.gson.Gson,com.google.gson.internal.bind.JsonAdapterAnnotationTypeAdapterFactory,65,
com.google.gson.Gson,com.google.gson.internal.bind.MapTypeAdapterFactory,65,
com.google.gson.Gson,com.google.gson.internal.bind.MapTypeAdapterFactory$Adapter,65,
com.google.gson.Gson,com.google.gson.internal.bind.NumberTypeAdapter$1,65,
com.google.gson.Gson,com.google.gson.internal.bind.ObjectTypeAdapter,205,
com.google.gson.Gson,com.google.gson.internal.bind.ObjectTypeAdapter$1,65,
com.google.gson.Gson,com.google.gson.internal.bind.ReflectiveTypeAdapterFactory,65,
com.google.gson.Gson,com.google.gson.internal.bind.ReflectiveTypeAdapterFactory$1,150,
com.google.gson.Gson,com.google.gson.internal.bind.TreeTypeAdapter,145,
com.google.gson.Gson,com.google.gson.internal.bind.TreeTypeAdapter$GsonContextImpl,59,
com.google.gson.Gson,com.google.gson.internal.bind.TreeTypeAdapter$SingleTypeFactory,65,
com.google.gson.Gson,com.google.gson.internal.bind.TypeAdapterRuntimeTypeWrapper,145,
com.google.gson.Gson,com.google.gson.internal.bind.TypeAdapters$29,65,
com.google.gson.Gson,com.google.gson.internal.bind.TypeAdapters$30,65,
com.google.gson.Gson,com.google.gson.internal.bind.TypeAdapters$31,65,
com.google.gson.Gson,com.google.gson.internal.bind.TypeAdapters$32,65,
com.google.gson.Gson,com.google.gson.internal.bind.TypeAdapters$33,65,
com.google.gson.Gson,com.google.gson.internal.bind.TypeAdapters$34,65,
com.google.gson.Gson,com.google.gson.internal.sql.SqlDateTypeAdapter$1,65,
com.google.gson.Gson,com.google.gson.internal.sql.SqlTimeTypeAdapter$1,65,
com.google.gson.Gson,com.google.gson.internal.sql.SqlTimestampTypeAdapter$1,68,
com.google.gson.Gson$1,com.google.gson.Gson,30,
com.google.gson.Gson$2,com.google.gson.Gson,30,
com.google.gson.Gson$3,com.google.gson.Gson,30,
com.google.gson.Gson$4,com.google.gson.Gson,83,
com.google.gson.Gson$5,com.google.gson.Gson,83,
com.google.gson.Gson$FutureTypeAdapter,com.google.gson.Gson,83,
com.google.gson.GsonBuilder,com.google.gson.Gson,65,
com.google.gson.InstanceCreator,com.google.gson.Gson,15,
com.google.gson.InstanceCreator,com.google.gson.GsonBuilder,65,
com.google.gson.InstanceCreator,com.google.gson.internal.ConstructorConstructor,115,
com.google.gson.InstanceCreator,com.google.gson.internal.ConstructorConstructor$1,155,
com.google.gson.InstanceCreator,com.google.gson.internal.ConstructorConstructor$2,155,
com.google.gson.JsonArray,com.google.gson.JsonElement,85,
com.google.gson.JsonArray,com.google.gson.JsonObject,85,
com.google.gson.JsonArray,com.google.gson.internal.bind.JsonTreeReader,103,
com.google.gson.JsonArray,com.google.gson.internal.bind.JsonTreeWriter,133,
com.google.gson.JsonArray,com.google.gson.internal.bind.TypeAdapters$28,136,
com.google.gson.JsonDeserializationContext,com.google.gson.JsonDeserializer,15,
com.google.gson.JsonDeserializationContext,com.google.gson.internal.bind.TreeTypeAdapter$GsonContextImpl,250,
com.google.gson.JsonDeserializer,com.google.gson.GsonBuilder,50,
com.google.gson.JsonDeserializer,com.google.gson.internal.bind.JsonAdapterAnnotationTypeAdapterFactory,100,
com.google.gson.JsonDeserializer,com.google.gson.internal.bind.TreeTypeAdapter,145,
com.google.gson.JsonDeserializer,com.google.gson.internal.bind.TreeTypeAdapter$SingleTypeFactory,125,
com.google.gson.JsonElement,com.google.gson.Gson,175,
com.google.gson.JsonElement,com.google.gson.JsonArray,514,
com.google.gson.JsonElement,com.google.gson.JsonDeserializationContext,15,
com.google.gson.JsonElement,com.google.gson.JsonDeserializer,15,
com.google.gson.JsonElement,com.google.gson.JsonNull,285,
com.google.gson.JsonElement,com.google.gson.JsonObject,478,
com.google.gson.JsonElement,com.google.gson.JsonParser,88,
com.google.gson.JsonElement,com.google.gson.JsonPrimitive,285,
com.google.gson.JsonElement,com.google.gson.JsonSerializationContext,35,
com.google.gson.JsonElement,com.google.gson.JsonSerializer,15,
com.google.gson.JsonElement,com.google.gson.JsonStreamParser,35,
com.google.gson.JsonElement,com.google.gson.LongSerializationPolicy,35,
com.google.gson.JsonElement,com.google.gson.LongSerializationPolicy$1,35,
com.google.gson.JsonElement,com.google.gson.LongSerializationPolicy$2,35,
com.google.gson.JsonElement,com.google.gson.TypeAdapter,65,
com.google.gson.JsonElement,com.google.gson.internal.Streams,210,
com.google.gson.JsonElement,com.google.gson.internal.bind.JsonTreeReader,210,
com.google.gson.JsonElement,com.google.gson.internal.bind.JsonTreeWriter,305,
com.google.gson.JsonElement,com.google.gson.internal.bind.MapTypeAdapterFactory$Adapter,211,
com.google.gson.JsonElement,com.google.gson.internal.bind.TreeTypeAdapter,53,
com.google.gson.JsonElement,com.google.gson.internal.bind.TreeTypeAdapter$GsonContextImpl,100,
com.google.gson.JsonElement,com.google.gson.internal.bind.TypeAdapters,15,
com.google.gson.JsonElement,com.google.gson.internal.bind.TypeAdapters$28,260,
com.google.gson.JsonIOException,com.google.gson.Gson,30,
com.google.gson.JsonIOException,com.google.gson.JsonParser,30,
com.google.gson.JsonIOException,com.google.gson.JsonStreamParser,30,
com.google.gson.JsonIOException,com.google.gson.TypeAdapter,30,
com.google.gson.JsonIOException,com.google.gson.internal.ConstructorConstructor$20,30,
com.google.gson.JsonIOException,com.google.gson.internal.ConstructorConstructor$3,30,
com.google.gson.JsonIOException,com.google.gson.internal.ConstructorConstructor$4,30,
com.google.gson.JsonIOException,com.google.gson.internal.ConstructorConstructor$5,30,
com.google.gson.JsonIOException,com.google.gson.internal.ConstructorConstructor$6,30,
com.google.gson.JsonIOException,com.google.gson.internal.ConstructorConstructor$7,30,
com.google.gson.JsonIOException,com.google.gson.internal.ConstructorConstructor$8,30,
com.google.gson.JsonIOException,com.google.gson.internal.Streams,30,
com.google.gson.JsonIOException,com.google.gson.internal.bind.ReflectiveTypeAdapterFactory,30,
com.google.gson.JsonIOException,com.google.gson.internal.bind.ReflectiveTypeAdapterFactory$1,30,
com.google.gson.JsonIOException,com.google.gson.internal.bind.TypeAdapters$22,30,
com.google.gson.JsonIOException,com.google.gson.internal.reflect.ReflectionHelper,30,
com.google.gson.JsonNull,com.google.gson.Gson,150,
com.google.gson.JsonNull,com.google.gson.JsonArray,150,
com.google.gson.JsonNull,com.google.gson.JsonElement,85,
com.google.gson.JsonNull,com.google.gson.JsonObject,150,
com.google.gson.JsonNull,com.google.gson.LongSerializationPolicy$1,150,
com.google.gson.JsonNull,com.google.gson.LongSerializationPolicy$2,150,
com.google.gson.JsonNull,com.google.gson.internal.Streams,150,
com.google.gson.JsonNull,com.google.gson.internal.bind.JsonTreeReader,50,
com.google.gson.JsonNull,com.google.gson.internal.bind.JsonTreeWriter,150,
com.google.gson.JsonNull,com.google.gson.internal.bind.TypeAdapters$28,150,
com.google.gson.JsonObject,com.google.gson.JsonElement,85,
com.google.gson.JsonObject,com.google.gson.internal.bind.JsonTreeReader,103,
com.google.gson.JsonObject,com.google.gson.internal.bind.JsonTreeWriter,133,
com.google.gson.JsonObject,com.google.gson.internal.bind.TypeAdapters$28,136,
com.google.gson.JsonParseException,com.google.gson.JsonIOException,250,
com.google.gson.JsonParseException,com.google.gson.JsonParser,30,
com.google.gson.JsonParseException,com.google.gson.JsonStreamParser,30,
com.google.gson.JsonParseException,com.google.gson.JsonSyntaxException,250,
com.google.gson.JsonParseException,com.google.gson.ToNumberPolicy$3,30,
com.google.gson.JsonParseException,com.google.gson.ToNumberPolicy$4,30,
com.google.gson.JsonParseException,com.google.gson.internal.bind.ReflectiveTypeAdapterFactory$1,30,
com.google.gson.JsonPrimitive,com.google.gson.JsonArray,80,
com.google.gson.JsonPrimitive,com.google.gson.JsonElement,85,
com.google.gson.JsonPrimitive,com.google.gson.JsonObject,165,
com.google.gson.JsonPrimitive,com.google.gson.LongSerializationPolicy$1,30,
com.google.gson.JsonPrimitive,com.google.gson.LongSerializationPolicy$2,30,
com.google.gson.JsonPrimitive,com.google.gson.internal.bind.JsonTreeReader,154,
com.google.gson.JsonPrimitive,com.google.gson.internal.bind.JsonTreeWriter,155,
com.google.gson.JsonPrimitive,com.google.gson.internal.bind.MapTypeAdapterFactory$Adapter,68,
com.google.gson.JsonPrimitive,com.google.gson.internal.bind.TypeAdapters$28,95,
com.google.gson.JsonSerializationContext,com.google.gson.JsonSerializer,15,
com.google.gson.JsonSerializationContext,com.google.gson.internal.bind.TreeTypeAdapter$GsonContextImpl,250,
com.google.gson.JsonSerializer,com.google.gson.GsonBuilder,50,
com.google.gson.JsonSerializer,com.google.gson.internal.bind.JsonAdapterAnnotationTypeAdapterFactory,100,
com.google.gson.JsonSerializer,com.google.gson.internal.bind.TreeTypeAdapter,145,
com.google.gson.JsonSerializer,com.google.gson.internal.bind.TreeTypeAdapter$SingleTypeFactory,125,
com.google.gson.JsonSyntaxException,com.google.gson.Gson,30,
com.google.gson.JsonSyntaxException,com.google.gson.JsonParser,30,
com.google.gson.JsonSyntaxException,com.google.gson.JsonStreamParser,30,
com.google.gson.JsonSyntaxException,com.google.gson.internal.Streams,30,
com.google.gson.JsonSyntaxException,com.google.gson.internal.bind.DateTypeAdapter,30,
com.google.gson.JsonSyntaxException,com.google.gson.internal.bind.DefaultDateTypeAdapter,30,
com.google.gson.JsonSyntaxException,com.google.gson.internal.bind.MapTypeAdapterFactory$Adapter,30,
com.google.gson.JsonSyntaxException,com.google.gson.internal.bind.NumberTypeAdapter,30,
com.google.gson.JsonSyntaxException,com.google.gson.internal.bind.ReflectiveTypeAdapterFactory$Adapter,30,
com.google.gson.JsonSyntaxException,com.google.gson.internal.bind.TypeAdapters$10,30,
com.google.gson.JsonSyntaxException,com.google.gson.internal.bind.TypeAdapters$11,30,
com.google.gson.JsonSyntaxException,com.google.gson.internal.bind.TypeAdapters$14,30,
com.google.gson.JsonSyntaxException,com.google.gson.internal.bind.TypeAdapters$16,30,
com.google.gson.JsonSyntaxException,com.google.gson.internal.bind.TypeAdapters$17,30,
com.google.gson.JsonSyntaxException,com.google.gson.internal.bind.TypeAdapters$2,30,
com.google.gson.JsonSyntaxException,com.google.gson.internal.bind.TypeAdapters$24,30,
com.google.gson.JsonSyntaxException,com.google.gson.internal.bind.TypeAdapters$25,30,
com.google.gson.JsonSyntaxException,com.google.gson.internal.bind.TypeAdapters$34$1,30,
com.google.gson.JsonSyntaxException,com.google.gson.internal.bind.TypeAdapters$5,30,
com.google.gson.JsonSyntaxException,com.google.gson.internal.bind.TypeAdapters$6,30,
com.google.gson.JsonSyntaxException,com.google.gson.internal.bind.TypeAdapters$7,30,
com.google.gson.JsonSyntaxException,com.google.gson.internal.bind.TypeAdapters$8,30,
com.google.gson.JsonSyntaxException,com.google.gson.internal.sql.SqlDateTypeAdapter,30,
com.google.gson.JsonSyntaxException,com.google.gson.internal.sql.SqlTimeTypeAdapter,30,
com.google.gson.LongSerializationPolicy,com.google.gson.Gson,290,
com.google.gson.LongSerializationPolicy,com.google.gson.GsonBuilder,400,
com.google.gson.LongSerializationPolicy,com.google.gson.LongSerializationPolicy$1,250,
com.google.gson.LongSerializationPolicy,com.google.gson.LongSerializationPolicy$2,250,
com.google.gson.LongSerializationPolicy$1,com.google.gson.LongSerializationPolicy,155,
com.google.gson.LongSerializationPolicy$2,com.google.gson.LongSerializationPolicy,30,
com.google.gson.ReflectionAccessFilter,com.google.gson.Gson,15,
com.google.gson.ReflectionAccessFilter,com.google.gson.GsonBuilder,140,
com.google.gson.ReflectionAccessFilter,com.google.gson.ReflectionAccessFilter$1,250,
com.google.gson.ReflectionAccessFilter,com.google.gson.ReflectionAccessFilter$2,250,
com.google.gson.ReflectionAccessFilter,com.google.gson.ReflectionAccessFilter$3,250,
com.google.gson.ReflectionAccessFilter,com.google.gson.ReflectionAccessFilter$4,250,
com.google.gson.ReflectionAccessFilter,com.google.gson.internal.ConstructorConstructor,15,
com.google.gson.ReflectionAccessFilter,com.google.gson.internal.ReflectionAccessFilterHelper,118,
com.google.gson.ReflectionAccessFilter,com.google.gson.internal.bind.ReflectiveTypeAdapterFactory,15,
com.google.gson.ReflectionAccessFilter$1,com.google.gson.ReflectionAccessFilter,30,
com.google.gson.ReflectionAccessFilter$2,com.google.gson.ReflectionAccessFilter,30,
com.google.gson.ReflectionAccessFilter$3,com.google.gson.ReflectionAccessFilter,30,
com.google.gson.ReflectionAccessFilter$4,com.google.gson.ReflectionAccessFilter,30,
com.google.gson.ReflectionAccessFilter$FilterResult,com.google.gson.ReflectionAccessFilter,15,
com.google.gson.ReflectionAccessFilter$FilterResult,com.google.gson.ReflectionAccessFilter$1,165,
com.google.gson.ReflectionAccessFilter$FilterResult,com.google.gson.ReflectionAccessFilter$2,165,
com.google.gson.ReflectionAccessFilter$FilterResult,com.google.gson.ReflectionAccessFilter$3,165,
com.google.gson.ReflectionAccessFilter$FilterResult,com.google.gson.ReflectionAccessFilter$4,165,
com.google.gson.ReflectionAccessFilter$FilterResult,com.google.gson.internal.ConstructorConstructor,215,
com.google.gson.ReflectionAccessFilter$FilterResult,com.google.gson.internal.ReflectionAccessFilterHelper,215,
com.google.gson.ReflectionAccessFilter$FilterResult,com.google.gson.internal.bind.ReflectiveTypeAdapterFactory,200,
com.google.gson.ToNumberPolicy,com.google.gson.Gson,150,
com.google.gson.ToNumberPolicy,com.google.gson.ToNumberPolicy$1,250,
com.google.gson.ToNumberPolicy,com.google.gson.ToNumberPolicy$2,250,
com.google.gson.ToNumberPolicy,com.google.gson.ToNumberPolicy$3,250,
com.google.gson.ToNumberPolicy,com.google.gson.ToNumberPolicy$4,250,
com.google.gson.ToNumberPolicy,com.google.gson.internal.bind.NumberTypeAdapter,150,
com.google.gson.ToNumberPolicy,com.google.gson.internal.bind.ObjectTypeAdapter,150,
com.google.gson.ToNumberPolicy$1,com.google.gson.ToNumberPolicy,155,
com.google.gson.ToNumberPolicy$2,com.google.gson.ToNumberPolicy,30,
com.google.gson.ToNumberPolicy$3,com.google.gson.ToNumberPolicy,30,
com.google.gson.ToNumberPolicy$4,com.google.gson.ToNumberPolicy,30,
com.google.gson.ToNumberStrategy,com.google.gson.Gson,140,
com.google.gson.ToNumberStrategy,com.google.gson.GsonBuilder,250,
com.google.gson.ToNumberStrategy,com.google.gson.ToNumberPolicy,250,
com.google.gson.ToNumberStrategy,com.google.gson.internal.bind.NumberTypeAdapter,205,
com.google.gson.ToNumberStrategy,com.google.gson.internal.bind.ObjectTypeAdapter,205,
com.google.gson.ToNumberStrategy,com.google.gson.internal.bind.ObjectTypeAdapter$1,150,
com.google.gson.TypeAdapter,com.google.gson.Gson,121,
com.google.gson.TypeAdapter,com.google.gson.Gson$1,250,
com.google.gson.TypeAdapter,com.google.gson.Gson$2,250,
com.google.gson.TypeAdapter,com.google.gson.Gson$3,250,
com.google.gson.TypeAdapter,com.google.gson.Gson$4,410,
com.google.gson.TypeAdapter,com.google.gson.Gson$5,410,
com.google.gson.TypeAdapter,com.google.gson.Gson$FutureTypeAdapter,146,
com.google.gson.TypeAdapter,com.google.gson.GsonBuilder,50,
com.google.gson.TypeAdapter,com.google.gson.TypeAdapter$1,460,
com.google.gson.TypeAdapter,com.google.gson.TypeAdapterFactory,15,
com.google.gson.TypeAdapter,com.google.gson.internal.Excluder,15,
com.google.gson.TypeAdapter,com.google.gson.internal.Excluder$1,396,
com.google.gson.TypeAdapter,com.google.gson.internal.Streams,56,
com.google.gson.TypeAdapter,com.google.gson.internal.bind.ArrayTypeAdapter,400,
com.google.gson.TypeAdapter,com.google.gson.internal.bind.ArrayTypeAdapter$1,65,
com.google.gson.TypeAdapter,com.google.gson.internal.bind.CollectionTypeAdapterFactory,65,
com.google.gson.TypeAdapter,com.google.gson.internal.bind.CollectionTypeAdapterFactory$Adapter,400,
com.google.gson.TypeAdapter,com.google.gson.internal.bind.DateTypeAdapter,250,
com.google.gson.TypeAdapter,com.google.gson.internal.bind.DateTypeAdapter$1,15,
com.google.gson.TypeAdapter,com.google.gson.internal.bind.DefaultDateTypeAdapter,250,
com.google.gson.TypeAdapter,com.google.gson.internal.bind.JsonAdapterAnnotationTypeAdapterFactory,118,
com.google.gson.TypeAdapter,com.google.gson.internal.bind.MapTypeAdapterFactory,65,
com.google.gson.TypeAdapter,com.google.gson.internal.bind.MapTypeAdapterFactory$Adapter,405,
com.google.gson.TypeAdapter,com.google.gson.internal.bind.NumberTypeAdapter,250,
com.google.gson.TypeAdapter,com.google.gson.internal.bind.NumberTypeAdapter$1,15,
com.google.gson.TypeAdapter,com.google.gson.internal.bind.ObjectTypeAdapter,303,
com.google.gson.TypeAdapter,com.google.gson.internal.bind.ObjectTypeAdapter$1,15,
com.google.gson.TypeAdapter,com.google.gson.internal.bind.ReflectiveTypeAdapterFactory,65,
com.google.gson.TypeAdapter,com.google.gson.internal.bind.ReflectiveTypeAdapterFactory$1,208,
com.google.gson.TypeAdapter,com.google.gson.internal.bind.ReflectiveTypeAdapterFactory$Adapter,250,
com.google.gson.TypeAdapter,com.google.gson.internal.bind.SerializationDelegatingTypeAdapter,265,
com.google.gson.TypeAdapter,com.google.gson.internal.bind.TreeTypeAdapter,146,
com.google.gson.TypeAdapter,com.google.gson.internal.bind.TreeTypeAdapter$SingleTypeFactory,15,
com.google.gson.TypeAdapter,com.google.gson.internal.bind.TypeAdapterRuntimeTypeWrapper,398,
com.google.gson.TypeAdapter,com.google.gson.internal.bind.TypeAdapters,140,
com.google.gson.TypeAdapter,com.google.gson.internal.bind.TypeAdapters$1,250,
com.google.gson.TypeAdapter,com.google.gson.internal.bind.TypeAdapters$10,250,
com.google.gson.TypeAdapter,com.google.gson.internal.bind.TypeAdapters$11,250,
com.google.gson.TypeAdapter,com.google.gson.internal.bind.TypeAdapters$12,250,
com.google.gson.TypeAdapter,com.google.gson.internal.bind.TypeAdapters$13,250,
com.google.gson.TypeAdapter,com.google.gson.internal.bind.TypeAdapters$14,250,
com.google.gson.TypeAdapter,com.google.gson.internal.bind.TypeAdapters$15,250,
com.google.gson.TypeAdapter,com.google.gson.internal.bind.TypeAdapters$16,250,
com.google.gson.TypeAdapter,com.google.gson.internal.bind.TypeAdapters$17,250,
com.google.gson.TypeAdapter,com.google.gson.internal.bind.TypeAdapters$18,250,
com.google.gson.TypeAdapter,com.google.gson.internal.bind.TypeAdapters$19,250,
com.google.gson.TypeAdapter,com.google.gson.internal.bind.TypeAdapters$2,250,
com.google.gson.TypeAdapter,com.google.gson.internal.bind.TypeAdapters$20,250,
com.google.gson.TypeAdapter,com.google.gson.internal.bind.TypeAdapters$21,250,
com.google.gson.TypeAdapter,com.google.gson.internal.bind.TypeAdapters$22,250,
com.google.gson.TypeAdapter,com.google.gson.internal.bind.TypeAdapters$23,250,
com.google.gson.TypeAdapter,com.google.gson.internal.bind.TypeAdapters$24,250,
com.google.gson.TypeAdapter,com.google.gson.internal.bind.TypeAdapters$25,250,
com.google.gson.TypeAdapter,com.google.gson.internal.bind.TypeAdapters$26,250,
com.google.gson.TypeAdapter,com.google.gson.internal.bind.TypeAdapters$27,250,
com.google.gson.TypeAdapter,com.google.gson.internal.bind.TypeAdapters$28,250,
com.google.gson.TypeAdapter,com.google.gson.internal.bind.TypeAdapters$29,65,
com.google.gson.TypeAdapter,com.google.gson.internal.bind.TypeAdapters$3,250,
com.google.gson.TypeAdapter,com.google.gson.internal.bind.TypeAdapters$30,165,
com.google.gson.TypeAdapter,com.google.gson.internal.bind.TypeAdapters$31,165,
com.google.gson.TypeAdapter,com.google.gson.internal.bind.TypeAdapters$32,165,
com.google.gson.TypeAdapter,com.google.gson.internal.bind.TypeAdapters$33,165,
com.google.gson.TypeAdapter,com.google.gson.internal.bind.TypeAdapters$34,165,
com.google.gson.TypeAdapter,com.google.gson.internal.bind.TypeAdapters$34$1,306,
com.google.gson.TypeAdapter,com.google.gson.internal.bind.TypeAdapters$4,250,
com.google.gson.TypeAdapter,com.google.gson.internal.bind.TypeAdapters$5,250,
com.google.gson.TypeAdapter,com.google.gson.internal.bind.TypeAdapters$6,250,
com.google.gson.TypeAdapter,com.google.gson.internal.bind.TypeAdapters$7,250,
com.google.gson.TypeAdapter,com.google.gson.internal.bind.TypeAdapters$8,250,
com.google.gson.TypeAdapter,com.google.gson.internal.bind.TypeAdapters$9,250,
com.google.gson.TypeAdapter,com.google.gson.internal.bind.TypeAdapters$EnumTypeAdapter,250,
com.google.gson.TypeAdapter,com.google.gson.internal.sql.SqlDateTypeAdapter,250,
com.google.gson.TypeAdapter,com.google.gson.internal.sql.SqlDateTypeAdapter$1,15,
com.google.gson.TypeAdapter,com.google.gson.internal.sql.SqlTimeTypeAdapter,250,
com.google.gson.TypeAdapter,com.google.gson.internal.sql.SqlTimeTypeAdapter$1,15,
com.google.gson.TypeAdapter,com.google.gson.internal.sql.SqlTimestampTypeAdapter,475,
com.google.gson.TypeAdapter,com.google.gson.internal.sql.SqlTimestampTypeAdapter$1,65,
com.google.gson.TypeAdapter$1,com.google.gson.TypeAdapter,30,
com.google.gson.TypeAdapterFactory,com.google.gson.Gson,118,
com.google.gson.TypeAdapterFactory,com.google.gson.GsonBuilder,140,
com.google.gson.TypeAdapterFactory,com.google.gson.internal.Excluder,250,
com.google.gson.TypeAdapterFactory,com.google.gson.internal.bind.ArrayTypeAdapter,75,
com.google.gson.TypeAdapterFactory,com.google.gson.internal.bind.ArrayTypeAdapter$1,250,
com.google.gson.TypeAdapterFactory,com.google.gson.internal.bind.CollectionTypeAdapterFactory,250,
com.google.gson.TypeAdapterFactory,com.google.gson.internal.bind.DateTypeAdapter,75,
com.google.gson.TypeAdapterFactory,com.google.gson.internal.bind.DateTypeAdapter$1,250,
com.google.gson.TypeAdapterFactory,com.google.gson.internal.bind.DefaultDateTypeAdapter$DateType,50,
com.google.gson.TypeAdapterFactory,com.google.gson.internal.bind.JsonAdapterAnnotationTypeAdapterFactory,353,
com.google.gson.TypeAdapterFactory,com.google.gson.internal.bind.MapTypeAdapterFactory,250,
com.google.gson.TypeAdapterFactory,com.google.gson.internal.bind.NumberTypeAdapter,110,
com.google.gson.TypeAdapterFactory,com.google.gson.internal.bind.NumberTypeAdapter$1,250,
com.google.gson.TypeAdapterFactory,com.google.gson.internal.bind.ObjectTypeAdapter,110,
com.google.gson.TypeAdapterFactory,com.google.gson.internal.bind.ObjectTypeAdapter$1,250,
com.google.gson.TypeAdapterFactory,com.google.gson.internal.bind.ReflectiveTypeAdapterFactory,250,
com.google.gson.TypeAdapterFactory,com.google.gson.internal.bind.TreeTypeAdapter,140,
com.google.gson.TypeAdapterFactory,com.google.gson.internal.bind.TreeTypeAdapter$SingleTypeFactory,250,
com.google.gson.TypeAdapterFactory,com.google.gson.internal.bind.TypeAdapters,90,
com.google.gson.TypeAdapterFactory,com.google.gson.internal.bind.TypeAdapters$29,250,
com.google.gson.TypeAdapterFactory,com.google.gson.internal.bind.TypeAdapters$30,250,
com.google.gson.TypeAdapterFactory,com.google.gson.internal.bind.TypeAdapters$31,250,
com.google.gson.TypeAdapterFactory,com.google.gson.internal.bind.TypeAdapters$32,250,
com.google.gson.TypeAdapterFactory,com.google.gson.internal.bind.TypeAdapters$33,250,
com.google.gson.TypeAdapterFactory,com.google.gson.internal.bind.TypeAdapters$34,250,
com.google.gson.TypeAdapterFactory,com.google.gson.internal.sql.SqlDateTypeAdapter,75,
com.google.gson.TypeAdapterFactory,com.google.gson.internal.sql.SqlDateTypeAdapter$1,250,
com.google.gson.TypeAdapterFactory,com.google.gson.internal.sql.SqlTimeTypeAdapter,75,
com.google.gson.TypeAdapterFactory,com.google.gson.internal.sql.SqlTimeTypeAdapter$1,250,
com.google.gson.TypeAdapterFactory,com.google.gson.internal.sql.SqlTimestampTypeAdapter,75,
com.google.gson.TypeAdapterFactory,com.google.gson.internal.sql.SqlTimestampTypeAdapter$1,250,
com.google.gson.TypeAdapterFactory,com.google.gson.internal.sql.SqlTypesSupport,75,
com.google.gson.annotations.Expose,com.google.gson.internal.Excluder,106,
com.google.gson.annotations.JsonAdapter,com.google.gson.internal.bind.JsonAdapterAnnotationTypeAdapterFactory,121,
com.google.gson.annotations.JsonAdapter,com.google.gson.internal.bind.ReflectiveTypeAdapterFactory,100,
com.google.gson.annotations.SerializedName,com.google.gson.internal.bind.ReflectiveTypeAdapterFactory,100,
com.google.gson.annotations.SerializedName,com.google.gson.internal.bind.TypeAdapters$EnumTypeAdapter,106,
com.google.gson.annotations.Since,com.google.gson.internal.Excluder,180,
com.google.gson.annotations.Until,com.google.gson.internal.Excluder,180,
com.google.gson.internal.$Gson$Preconditions,com.google.gson.GsonBuilder,53,
com.google.gson.internal.$Gson$Preconditions,com.google.gson.internal.$Gson$Types,53,
com.google.gson.internal.$Gson$Preconditions,com.google.gson.internal.$Gson$Types$ParameterizedTypeImpl,53,
com.google.gson.internal.$Gson$Preconditions,com.google.gson.internal.$Gson$Types$WildcardTypeImpl,53,
com.google.gson.internal.$Gson$Preconditions,com.google.gson.internal.bind.TreeTypeAdapter$SingleTypeFactory,53,
com.google.gson.internal.$Gson$Types,com.google.gson.internal.$Gson$Types$GenericArrayTypeImpl,59,
com.google.gson.internal.$Gson$Types,com.google.gson.internal.$Gson$Types$ParameterizedTypeImpl,62,
com.google.gson.internal.$Gson$Types,com.google.gson.internal.$Gson$Types$WildcardTypeImpl,212,
com.google.gson.internal.$Gson$Types,com.google.gson.internal.bind.ArrayTypeAdapter$1,56,
com.google.gson.internal.$Gson$Types,com.google.gson.internal.bind.CollectionTypeAdapterFactory,53,
com.google.gson.internal.$Gson$Types,com.google.gson.internal.bind.MapTypeAdapterFactory,53,
com.google.gson.internal.$Gson$Types,com.google.gson.internal.bind.ReflectiveTypeAdapterFactory,53,
com.google.gson.internal.$Gson$Types,com.google.gson.reflect.TypeToken,68,
com.google.gson.internal.$Gson$Types$GenericArrayTypeImpl,com.google.gson.internal.$Gson$Types,30,
com.google.gson.internal.$Gson$Types$ParameterizedTypeImpl,com.google.gson.internal.$Gson$Types,30,
com.google.gson.internal.$Gson$Types$WildcardTypeImpl,com.google.gson.internal.$Gson$Types,30,
com.google.gson.internal.ConstructorConstructor,com.google.gson.Gson,105,
com.google.gson.internal.ConstructorConstructor,com.google.gson.internal.ConstructorConstructor$1,200,
com.google.gson.internal.ConstructorConstructor,com.google.gson.internal.ConstructorConstructor$19,200,
com.google.gson.internal.ConstructorConstructor,com.google.gson.internal.ConstructorConstructor$2,200,
com.google.gson.internal.ConstructorConstructor,com.google.gson.internal.ConstructorConstructor$20,200,
com.google.gson.internal.ConstructorConstructor,com.google.gson.internal.ConstructorConstructor$3,200,
com.google.gson.internal.ConstructorConstructor,com.google.gson.internal.ConstructorConstructor$4,200,
com.google.gson.internal.ConstructorConstructor,com.google.gson.internal.UnsafeAllocator,53,
com.google.gson.internal.ConstructorConstructor,com.google.gson.internal.bind.CollectionTypeAdapterFactory,205,
com.google.gson.internal.ConstructorConstructor,com.google.gson.internal.bind.JsonAdapterAnnotationTypeAdapterFactory,220,
com.google.gson.internal.ConstructorConstructor,com.google.gson.internal.bind.MapTypeAdapterFactory,205,
com.google.gson.internal.ConstructorConstructor,com.google.gson.internal.bind.ReflectiveTypeAdapterFactory,145,
com.google.gson.internal.ConstructorConstructor$1,com.google.gson.internal.ConstructorConstructor,30,
com.google.gson.internal.ConstructorConstructor$10,com.google.gson.internal.ConstructorConstructor,30,
com.google.gson.internal.ConstructorConstructor$11,com.google.gson.internal.ConstructorConstructor,30,
com.google.gson.internal.ConstructorConstructor$12,com.google.gson.internal.ConstructorConstructor,30,
com.google.gson.internal.ConstructorConstructor$13,com.google.gson.internal.ConstructorConstructor,30,
com.google.gson.internal.ConstructorConstructor$14,com.google.gson.internal.ConstructorConstructor,30,
com.google.gson.internal.ConstructorConstructor$15,com.google.gson.internal.ConstructorConstructor,30,
com.google.gson.internal.ConstructorConstructor$16,com.google.gson.internal.ConstructorConstructor,30,
com.google.gson.internal.ConstructorConstructor$17,com.google.gson.internal.ConstructorConstructor,30,
com.google.gson.internal.ConstructorConstructor$18,com.google.gson.internal.ConstructorConstructor,30,
com.google.gson.internal.ConstructorConstructor$19,com.google.gson.internal.ConstructorConstructor,30,
com.google.gson.internal.ConstructorConstructor$2,com.google.gson.internal.ConstructorConstructor,30,
com.google.gson.internal.ConstructorConstructor$20,com.google.gson.internal.ConstructorConstructor,30,
com.google.gson.internal.ConstructorConstructor$3,com.google.gson.internal.ConstructorConstructor,30,
com.google.gson.internal.ConstructorConstructor$4,com.google.gson.internal.ConstructorConstructor,30,
com.google.gson.internal.ConstructorConstructor$5,com.google.gson.internal.ConstructorConstructor,30,
com.google.gson.internal.ConstructorConstructor$6,com.google.gson.internal.ConstructorConstructor,30,
com.google.gson.internal.ConstructorConstructor$7,com.google.gson.internal.ConstructorConstructor,30,
com.google.gson.internal.ConstructorConstructor$8,com.google.gson.internal.ConstructorConstructor,30,
com.google.gson.internal.ConstructorConstructor$9,com.google.gson.internal.ConstructorConstructor,30,
com.google.gson.internal.Excluder,com.google.gson.Gson,325,
com.google.gson.internal.Excluder,com.google.gson.GsonBuilder,250,
com.google.gson.internal.Excluder,com.google.gson.internal.Excluder$1,200,
com.google.gson.internal.Excluder,com.google.gson.internal.bind.ReflectiveTypeAdapterFactory,150,
com.google.gson.internal.Excluder$1,com.google.gson.internal.Excluder,30,
com.google.gson.internal.JavaVersion,com.google.gson.internal.ReflectionAccessFilterHelper$AccessChecker,53,
com.google.gson.internal.JavaVersion,com.google.gson.internal.bind.DateTypeAdapter,53,
com.google.gson.internal.JavaVersion,com.google.gson.internal.bind.DefaultDateTypeAdapter,53,
com.google.gson.internal.JsonReaderInternalAccess,com.google.gson.internal.bind.MapTypeAdapterFactory$Adapter,203,
com.google.gson.internal.JsonReaderInternalAccess,com.google.gson.stream.JsonReader,150,
com.google.gson.internal.JsonReaderInternalAccess,com.google.gson.stream.JsonReader$1,250,
com.google.gson.internal.LazilyParsedNumber,com.google.gson.JsonPrimitive,30,
com.google.gson.internal.LazilyParsedNumber,com.google.gson.ToNumberPolicy$2,30,
com.google.gson.internal.LazilyParsedNumber,com.google.gson.internal.bind.TypeAdapters,15,
com.google.gson.internal.LazilyParsedNumber,com.google.gson.internal.bind.TypeAdapters$18,240,
com.google.gson.internal.LazilyParsedNumber,com.google.gson.internal.bind.TypeAdapters$28,80,
com.google.gson.internal.LinkedTreeMap,com.google.gson.JsonObject,145,
com.google.gson.internal.LinkedTreeMap,com.google.gson.internal.ConstructorConstructor$18,30,
com.google.gson.internal.LinkedTreeMap,com.google.gson.internal.LinkedTreeMap$EntrySet,365,
com.google.gson.internal.LinkedTreeMap,com.google.gson.internal.LinkedTreeMap$KeySet,365,
com.google.gson.internal.LinkedTreeMap,com.google.gson.internal.LinkedTreeMap$LinkedTreeMapIterator,355,
com.google.gson.internal.LinkedTreeMap,com.google.gson.internal.bind.ObjectTypeAdapter,30,
com.google.gson.internal.LinkedTreeMap$1,com.google.gson.internal.LinkedTreeMap,30,
com.google.gson.internal.LinkedTreeMap$EntrySet,com.google.gson.internal.LinkedTreeMap,30,
com.google.gson.internal.LinkedTreeMap$EntrySet,com.google.gson.internal.LinkedTreeMap$EntrySet$1,350,
com.google.gson.internal.LinkedTreeMap$EntrySet$1,com.google.gson.internal.LinkedTreeMap$EntrySet,30,
com.google.gson.internal.LinkedTreeMap$KeySet,com.google.gson.internal.LinkedTreeMap,30,
com.google.gson.internal.LinkedTreeMap$KeySet,com.google.gson.internal.LinkedTreeMap$KeySet$1,350,
com.google.gson.internal.LinkedTreeMap$KeySet$1,com.google.gson.internal.LinkedTreeMap$KeySet,30,
com.google.gson.internal.LinkedTreeMap$LinkedTreeMapIterator,com.google.gson.internal.LinkedTreeMap$EntrySet$1,250,
com.google.gson.internal.LinkedTreeMap$LinkedTreeMapIterator,com.google.gson.internal.LinkedTreeMap$KeySet$1,250,
com.google.gson.internal.LinkedTreeMap$Node,com.google.gson.internal.LinkedTreeMap,326,
com.google.gson.internal.LinkedTreeMap$Node,com.google.gson.internal.LinkedTreeMap$EntrySet,50,
com.google.gson.internal.LinkedTreeMap$Node,com.google.gson.internal.LinkedTreeMap$KeySet$1,150,
com.google.gson.internal.LinkedTreeMap$Node,com.google.gson.internal.LinkedTreeMap$LinkedTreeMapIterator,290,
com.google.gson.internal.NonNullElementWrapperList,com.google.gson.JsonArray,30,
com.google.gson.internal.ObjectConstructor,com.google.gson.internal.ConstructorConstructor,65,
com.google.gson.internal.ObjectConstructor,com.google.gson.internal.ConstructorConstructor$1,250,
com.google.gson.internal.ObjectConstructor,com.google.gson.internal.ConstructorConstructor$10,250,
com.google.gson.internal.ObjectConstructor,com.google.gson.internal.ConstructorConstructor$11,250,
com.google.gson.internal.ObjectConstructor,com.google.gson.internal.ConstructorConstructor$12,250,
com.google.gson.internal.ObjectConstructor,com.google.gson.internal.ConstructorConstructor$13,250,
com.google.gson.internal.ObjectConstructor,com.google.gson.internal.ConstructorConstructor$14,250,
com.google.gson.internal.ObjectConstructor,com.google.gson.internal.ConstructorConstructor$15,250,
com.google.gson.internal.ObjectConstructor,com.google.gson.internal.ConstructorConstructor$16,250,
com.google.gson.internal.ObjectConstructor,com.google.gson.internal.ConstructorConstructor$17,250,
com.google.gson.internal.ObjectConstructor,com.google.gson.internal.ConstructorConstructor$18,250,
com.google.gson.internal.ObjectConstructor,com.google.gson.internal.ConstructorConstructor$19,250,
com.google.gson.internal.ObjectConstructor,com.google.gson.internal.ConstructorConstructor$2,250,
com.google.gson.internal.ObjectConstructor,com.google.gson.internal.ConstructorConstructor$20,250,
com.google.gson.internal.ObjectConstructor,com.google.gson.internal.ConstructorConstructor$3,250,
com.google.gson.internal.ObjectConstructor,com.google.gson.internal.ConstructorConstructor$4,250,
com.google.gson.internal.ObjectConstructor,com.google.gson.internal.ConstructorConstructor$5,250,
com.google.gson.internal.ObjectConstructor,com.google.gson.internal.ConstructorConstructor$6,250,
com.google.gson.internal.ObjectConstructor,com.google.gson.internal.ConstructorConstructor$7,250,
com.google.gson.internal.ObjectConstructor,com.google.gson.internal.ConstructorConstructor$8,250,
com.google.gson.internal.ObjectConstructor,com.google.gson.internal.ConstructorConstructor$9,250,
com.google.gson.internal.ObjectConstructor,com.google.gson.internal.bind.CollectionTypeAdapterFactory,50,
com.google.gson.internal.ObjectConstructor,com.google.gson.internal.bind.CollectionTypeAdapterFactory$Adapter,145,
com.google.gson.internal.ObjectConstructor,com.google.gson.internal.bind.JsonAdapterAnnotationTypeAdapterFactory,53,
com.google.gson.internal.ObjectConstructor,com.google.gson.internal.bind.MapTypeAdapterFactory,50,
com.google.gson.internal.ObjectConstructor,com.google.gson.internal.bind.MapTypeAdapterFactory$Adapter,145,
com.google.gson.internal.ObjectConstructor,com.google.gson.internal.bind.ReflectiveTypeAdapterFactory,50,
com.google.gson.internal.ObjectConstructor,com.google.gson.internal.bind.ReflectiveTypeAdapterFactory$FieldReflectionAdapter,145,
com.google.gson.internal.PreJava9DateFormatProvider,com.google.gson.internal.bind.DateTypeAdapter,53,
com.google.gson.internal.PreJava9DateFormatProvider,com.google.gson.internal.bind.DefaultDateTypeAdapter,56,
com.google.gson.internal.Primitives,com.google.gson.Gson,53,
com.google.gson.internal.Primitives,com.google.gson.internal.bind.ReflectiveTypeAdapterFactory,53,
com.google.gson.internal.ReflectionAccessFilterHelper,com.google.gson.ReflectionAccessFilter$1,53,
com.google.gson.internal.ReflectionAccessFilterHelper,com.google.gson.ReflectionAccessFilter$2,53,
com.google.gson.internal.ReflectionAccessFilterHelper,com.google.gson.ReflectionAccessFilter$3,53,
com.google.gson.internal.ReflectionAccessFilterHelper,com.google.gson.ReflectionAccessFilter$4,53,
com.google.gson.internal.ReflectionAccessFilterHelper,com.google.gson.internal.ConstructorConstructor,56,
com.google.gson.internal.ReflectionAccessFilterHelper,com.google.gson.internal.bind.ReflectiveTypeAdapterFactory,56,
com.google.gson.internal.ReflectionAccessFilterHelper$1,com.google.gson.internal.ReflectionAccessFilterHelper$AccessChecker,125,
com.google.gson.internal.ReflectionAccessFilterHelper$AccessChecker,com.google.gson.internal.ReflectionAccessFilterHelper,203,
com.google.gson.internal.ReflectionAccessFilterHelper$AccessChecker,com.google.gson.internal.ReflectionAccessFilterHelper$AccessChecker$1,250,
com.google.gson.internal.ReflectionAccessFilterHelper$AccessChecker,com.google.gson.internal.ReflectionAccessFilterHelper$AccessChecker$2,250,
com.google.gson.internal.ReflectionAccessFilterHelper$AccessChecker$1,com.google.gson.internal.ReflectionAccessFilterHelper$AccessChecker,30,
com.google.gson.internal.ReflectionAccessFilterHelper$AccessChecker$2,com.google.gson.internal.ReflectionAccessFilterHelper$AccessChecker,30,
com.google.gson.internal.Streams,com.google.gson.Gson,56,
com.google.gson.internal.Streams,com.google.gson.JsonElement,53,
com.google.gson.internal.Streams,com.google.gson.JsonParser,53,
com.google.gson.internal.Streams,com.google.gson.JsonStreamParser,53,
com.google.gson.internal.Streams,com.google.gson.internal.bind.MapTypeAdapterFactory$Adapter,53,
com.google.gson.internal.Streams,com.google.gson.internal.bind.TreeTypeAdapter,56,
com.google.gson.internal.Streams$1,com.google.gson.internal.Streams$AppendableWriter$CurrentWrite,125,
com.google.gson.internal.Streams$AppendableWriter,com.google.gson.internal.Streams,30,
com.google.gson.internal.Streams$AppendableWriter$CurrentWrite,com.google.gson.internal.Streams$AppendableWriter,110,
com.google.gson.internal.UnsafeAllocator,com.google.gson.internal.ConstructorConstructor$19,203,
com.google.gson.internal.UnsafeAllocator,com.google.gson.internal.UnsafeAllocator$1,303,
com.google.gson.internal.UnsafeAllocator,com.google.gson.internal.UnsafeAllocator$2,303,
com.google.gson.internal.UnsafeAllocator,com.google.gson.internal.UnsafeAllocator$3,303,
com.google.gson.internal.UnsafeAllocator,com.google.gson.internal.UnsafeAllocator$4,250,
com.google.gson.internal.UnsafeAllocator$1,com.google.gson.internal.UnsafeAllocator,30,
com.google.gson.internal.UnsafeAllocator$2,com.google.gson.internal.UnsafeAllocator,30,
com.google.gson.internal.UnsafeAllocator$3,com.google.gson.internal.UnsafeAllocator,30,
com.google.gson.internal.UnsafeAllocator$4,com.google.gson.internal.UnsafeAllocator,30,
com.google.gson.internal.bind.ArrayTypeAdapter,com.google.gson.Gson,150,
com.google.gson.internal.bind.ArrayTypeAdapter,com.google.gson.internal.bind.ArrayTypeAdapter$1,30,
com.google.gson.internal.bind.ArrayTypeAdapter$1,com.google.gson.internal.bind.ArrayTypeAdapter,30,
com.google.gson.internal.bind.CollectionTypeAdapterFactory,com.google.gson.Gson,80,
com.google.gson.internal.bind.CollectionTypeAdapterFactory$Adapter,com.google.gson.internal.bind.CollectionTypeAdapterFactory,30,
com.google.gson.internal.bind.DateTypeAdapter,com.google.gson.Gson,150,
com.google.gson.internal.bind.DateTypeAdapter,com.google.gson.internal.bind.DateTypeAdapter$1,30,
com.google.gson.internal.bind.DateTypeAdapter$1,com.google.gson.internal.bind.DateTypeAdapter,30,
com.google.gson.internal.bind.DefaultDateTypeAdapter,com.google.gson.internal.bind.DefaultDateTypeAdapter$DateType,95,
com.google.gson.internal.bind.DefaultDateTypeAdapter$1,com.google.gson.internal.bind.DefaultDateTypeAdapter,125,
com.google.gson.internal.bind.DefaultDateTypeAdapter$DateType,com.google.gson.GsonBuilder,206,
com.google.gson.internal.bind.DefaultDateTypeAdapter$DateType,com.google.gson.internal.bind.DefaultDateTypeAdapter,270,
com.google.gson.internal.bind.DefaultDateTypeAdapter$DateType,com.google.gson.internal.bind.DefaultDateTypeAdapter$DateType$1,250,
com.google.gson.internal.bind.DefaultDateTypeAdapter$DateType,com.google.gson.internal.sql.SqlTypesSupport,75,
com.google.gson.internal.bind.DefaultDateTypeAdapter$DateType,com.google.gson.internal.sql.SqlTypesSupport$1,250,
com.google.gson.internal.bind.DefaultDateTypeAdapter$DateType,com.google.gson.internal.sql.SqlTypesSupport$2,250,
com.google.gson.internal.bind.DefaultDateTypeAdapter$DateType$1,com.google.gson.internal.bind.DefaultDateTypeAdapter$DateType,30,
com.google.gson.internal.bind.JsonAdapterAnnotationTypeAdapterFactory,com.google.gson.Gson,105,
com.google.gson.internal.bind.JsonAdapterAnnotationTypeAdapterFactory,com.google.gson.internal.bind.ReflectiveTypeAdapterFactory,145,
com.google.gson.internal.bind.JsonTreeReader,com.google.gson.Gson,80,
com.google.gson.internal.bind.JsonTreeReader,com.google.gson.TypeAdapter,30,
com.google.gson.internal.bind.JsonTreeReader,com.google.gson.internal.bind.TypeAdapters$28,50,
com.google.gson.internal.bind.JsonTreeReader,com.google.gson.stream.JsonReader$1,50,
com.google.gson.internal.bind.JsonTreeReader$1,com.google.gson.internal.bind.JsonTreeReader,30,
com.google.gson.internal.bind.JsonTreeReader$2,com.google.gson.internal.bind.JsonTreeReader,150,
com.google.gson.internal.bind.JsonTreeWriter,com.google.gson.Gson,83,
com.google.gson.internal.bind.JsonTreeWriter,com.google.gson.TypeAdapter,83,
com.google.gson.internal.bind.JsonTreeWriter$1,com.google.gson.internal.bind.JsonTreeWriter,30,
com.google.gson.internal.bind.MapTypeAdapterFactory,com.google.gson.Gson,80,
com.google.gson.internal.bind.MapTypeAdapterFactory,com.google.gson.internal.bind.MapTypeAdapterFactory$Adapter,225,
com.google.gson.internal.bind.MapTypeAdapterFactory$Adapter,com.google.gson.internal.bind.MapTypeAdapterFactory,30,
com.google.gson.internal.bind.NumberTypeAdapter,com.google.gson.Gson,53,
com.google.gson.internal.bind.NumberTypeAdapter,com.google.gson.internal.bind.NumberTypeAdapter$1,150,
com.google.gson.internal.bind.NumberTypeAdapter$1,com.google.gson.internal.bind.NumberTypeAdapter,30,
com.google.gson.internal.bind.NumberTypeAdapter$2,com.google.gson.internal.bind.NumberTypeAdapter,150,
com.google.gson.internal.bind.ObjectTypeAdapter,com.google.gson.Gson,53,
com.google.gson.internal.bind.ObjectTypeAdapter,com.google.gson.internal.bind.ObjectTypeAdapter$1,30,
com.google.gson.internal.bind.ObjectTypeAdapter$1,com.google.gson.internal.bind.ObjectTypeAdapter,155,
com.google.gson.internal.bind.ObjectTypeAdapter$2,com.google.gson.internal.bind.ObjectTypeAdapter,150,
com.google.gson.internal.bind.ReflectiveTypeAdapterFactory,com.google.gson.Gson,80,
com.google.gson.internal.bind.ReflectiveTypeAdapterFactory,com.google.gson.internal.bind.ReflectiveTypeAdapterFactory$1,253,
com.google.gson.internal.bind.ReflectiveTypeAdapterFactory,com.google.gson.internal.bind.ReflectiveTypeAdapterFactory$RecordAdapter,53,
com.google.gson.internal.bind.ReflectiveTypeAdapterFactory$1,com.google.gson.internal.bind.ReflectiveTypeAdapterFactory,30,
com.google.gson.internal.bind.ReflectiveTypeAdapterFactory$Adapter,com.google.gson.internal.bind.ReflectiveTypeAdapterFactory$FieldReflectionAdapter,250,
com.google.gson.internal.bind.ReflectiveTypeAdapterFactory$Adapter,com.google.gson.internal.bind.ReflectiveTypeAdapterFactory$RecordAdapter,250,
com.google.gson.internal.bind.ReflectiveTypeAdapterFactory$Adapter,com.google.gson.internal.bind.TypeAdapterRuntimeTypeWrapper,50,
com.google.gson.internal.bind.ReflectiveTypeAdapterFactory$BoundField,com.google.gson.internal.bind.ReflectiveTypeAdapterFactory,265,
com.google.gson.internal.bind.ReflectiveTypeAdapterFactory$BoundField,com.google.gson.internal.bind.ReflectiveTypeAdapterFactory$1,250,
com.google.gson.internal.bind.ReflectiveTypeAdapterFactory$BoundField,com.google.gson.internal.bind.ReflectiveTypeAdapterFactory$Adapter,268,
com.google.gson.internal.bind.ReflectiveTypeAdapterFactory$BoundField,com.google.gson.internal.bind.ReflectiveTypeAdapterFactory$FieldReflectionAdapter,68,
com.google.gson.internal.bind.ReflectiveTypeAdapterFactory$BoundField,com.google.gson.internal.bind.ReflectiveTypeAdapterFactory$RecordAdapter,295,
com.google.gson.internal.bind.ReflectiveTypeAdapterFactory$FieldReflectionAdapter,com.google.gson.internal.bind.ReflectiveTypeAdapterFactory,30,
com.google.gson.internal.bind.ReflectiveTypeAdapterFactory$RecordAdapter,com.google.gson.internal.bind.ReflectiveTypeAdapterFactory,30,
com.google.gson.internal.bind.SerializationDelegatingTypeAdapter,com.google.gson.Gson$FutureTypeAdapter,250,
com.google.gson.internal.bind.SerializationDelegatingTypeAdapter,com.google.gson.internal.bind.TreeTypeAdapter,250,
com.google.gson.internal.bind.SerializationDelegatingTypeAdapter,com.google.gson.internal.bind.TypeAdapterRuntimeTypeWrapper,103,
com.google.gson.internal.bind.TreeTypeAdapter,com.google.gson.GsonBuilder,56,
com.google.gson.internal.bind.TreeTypeAdapter,com.google.gson.internal.bind.JsonAdapterAnnotationTypeAdapterFactory,30,
com.google.gson.internal.bind.TreeTypeAdapter,com.google.gson.internal.bind.TreeTypeAdapter$GsonContextImpl,350,
com.google.gson.internal.bind.TreeTypeAdapter,com.google.gson.internal.bind.TreeTypeAdapter$SingleTypeFactory,30,
com.google.gson.internal.bind.TreeTypeAdapter$1,com.google.gson.internal.bind.TreeTypeAdapter$GsonContextImpl,125,
com.google.gson.internal.bind.TreeTypeAdapter$GsonContextImpl,com.google.gson.internal.bind.TreeTypeAdapter,30,
com.google.gson.internal.bind.TreeTypeAdapter$SingleTypeFactory,com.google.gson.internal.bind.TreeTypeAdapter,30,
com.google.gson.internal.bind.TypeAdapterRuntimeTypeWrapper,com.google.gson.internal.bind.ArrayTypeAdapter,30,
com.google.gson.internal.bind.TypeAdapterRuntimeTypeWrapper,com.google.gson.internal.bind.CollectionTypeAdapterFactory$Adapter,30,
com.google.gson.internal.bind.TypeAdapterRuntimeTypeWrapper,com.google.gson.internal.bind.MapTypeAdapterFactory$Adapter,30,
com.google.gson.internal.bind.TypeAdapterRuntimeTypeWrapper,com.google.gson.internal.bind.ReflectiveTypeAdapterFactory$1,30,
com.google.gson.internal.bind.TypeAdapters,com.google.gson.Gson,206,
com.google.gson.internal.bind.TypeAdapters,com.google.gson.GsonBuilder,56,
com.google.gson.internal.bind.TypeAdapters,com.google.gson.internal.Streams,150,
com.google.gson.internal.bind.TypeAdapters,com.google.gson.internal.bind.DefaultDateTypeAdapter$DateType,53,
com.google.gson.internal.bind.TypeAdapters,com.google.gson.internal.bind.MapTypeAdapterFactory,150,
com.google.gson.internal.bind.TypeAdapters$1,com.google.gson.internal.bind.TypeAdapters,83,
com.google.gson.internal.bind.TypeAdapters$10,com.google.gson.internal.bind.TypeAdapters,83,
com.google.gson.internal.bind.TypeAdapters$11,com.google.gson.internal.bind.TypeAdapters,30,
com.google.gson.internal.bind.TypeAdapters$12,com.google.gson.internal.bind.TypeAdapters,30,
com.google.gson.internal.bind.TypeAdapters$13,com.google.gson.internal.bind.TypeAdapters,30,
com.google.gson.internal.bind.TypeAdapters$14,com.google.gson.internal.bind.TypeAdapters,30,
com.google.gson.internal.bind.TypeAdapters$15,com.google.gson.internal.bind.TypeAdapters,30,
com.google.gson.internal.bind.TypeAdapters$16,com.google.gson.internal.bind.TypeAdapters,30,
com.google.gson.internal.bind.TypeAdapters$17,com.google.gson.internal.bind.TypeAdapters,30,
com.google.gson.internal.bind.TypeAdapters$18,com.google.gson.internal.bind.TypeAdapters,30,
com.google.gson.internal.bind.TypeAdapters$19,com.google.gson.internal.bind.TypeAdapters,30,
com.google.gson.internal.bind.TypeAdapters$2,com.google.gson.internal.bind.TypeAdapters,83,
com.google.gson.internal.bind.TypeAdapters$20,com.google.gson.internal.bind.TypeAdapters,30,
com.google.gson.internal.bind.TypeAdapters$21,com.google.gson.internal.bind.TypeAdapters,30,
com.google.gson.internal.bind.TypeAdapters$22,com.google.gson.internal.bind.TypeAdapters,30,
com.google.gson.internal.bind.TypeAdapters$23,com.google.gson.internal.bind.TypeAdapters,30,
com.google.gson.internal.bind.TypeAdapters$24,com.google.gson.internal.bind.TypeAdapters,30,
com.google.gson.internal.bind.TypeAdapters$25,com.google.gson.internal.bind.TypeAdapters,83,
com.google.gson.internal.bind.TypeAdapters$26,com.google.gson.internal.bind.TypeAdapters,30,
com.google.gson.internal.bind.TypeAdapters$27,com.google.gson.internal.bind.TypeAdapters,30,
com.google.gson.internal.bind.TypeAdapters$28,com.google.gson.internal.bind.TypeAdapters,30,
com.google.gson.internal.bind.TypeAdapters$29,com.google.gson.internal.bind.TypeAdapters,30,
com.google.gson.internal.bind.TypeAdapters$3,com.google.gson.internal.bind.TypeAdapters,30,
com.google.gson.internal.bind.TypeAdapters$30,com.google.gson.internal.bind.TypeAdapters,30,
com.google.gson.internal.bind.TypeAdapters$31,com.google.gson.internal.bind.TypeAdapters,30,
com.google.gson.internal.bind.TypeAdapters$32,com.google.gson.internal.bind.TypeAdapters,30,
com.google.gson.internal.bind.TypeAdapters$33,com.google.gson.internal.bind.TypeAdapters,30,
com.google.gson.internal.bind.TypeAdapters$34,com.google.gson.internal.bind.TypeAdapters,30,
com.google.gson.internal.bind.TypeAdapters$34,com.google.gson.internal.bind.TypeAdapters$34$1,350,
com.google.gson.internal.bind.TypeAdapters$34$1,com.google.gson.internal.bind.TypeAdapters$34,30,
com.google.gson.internal.bind.TypeAdapters$35,com.google.gson.internal.bind.TypeAdapters$2,150,
com.google.gson.internal.bind.TypeAdapters$35,com.google.gson.internal.bind.TypeAdapters$28,150,
com.google.gson.internal.bind.TypeAdapters$4,com.google.gson.internal.bind.TypeAdapters,30,
com.google.gson.internal.bind.TypeAdapters$5,com.google.gson.internal.bind.TypeAdapters,30,
com.google.gson.internal.bind.TypeAdapters$6,com.google.gson.internal.bind.TypeAdapters,30,
com.google.gson.internal.bind.TypeAdapters$7,com.google.gson.internal.bind.TypeAdapters,30,
com.google.gson.internal.bind.TypeAdapters$8,com.google.gson.internal.bind.TypeAdapters,83,
com.google.gson.internal.bind.TypeAdapters$9,com.google.gson.internal.bind.TypeAdapters,83,
com.google.gson.internal.bind.TypeAdapters$EnumTypeAdapter,com.google.gson.internal.bind.TypeAdapters$29,30,
com.google.gson.internal.bind.TypeAdapters$EnumTypeAdapter,com.google.gson.internal.bind.TypeAdapters$EnumTypeAdapter$1,200,
com.google.gson.internal.bind.TypeAdapters$EnumTypeAdapter$1,com.google.gson.internal.bind.TypeAdapters$EnumTypeAdapter,80,
com.google.gson.internal.bind.util.ISO8601Utils,com.google.gson.internal.bind.DateTypeAdapter,53,
com.google.gson.internal.bind.util.ISO8601Utils,com.google.gson.internal.bind.DefaultDateTypeAdapter,53,
com.google.gson.internal.reflect.ReflectionHelper,com.google.gson.internal.ConstructorConstructor,53,
com.google.gson.internal.reflect.ReflectionHelper,com.google.gson.internal.ConstructorConstructor$9,56,
com.google.gson.internal.reflect.ReflectionHelper,com.google.gson.internal.bind.ReflectiveTypeAdapterFactory,65,
com.google.gson.internal.reflect.ReflectionHelper,com.google.gson.internal.bind.ReflectiveTypeAdapterFactory$1,53,
com.google.gson.internal.reflect.ReflectionHelper,com.google.gson.internal.bind.ReflectiveTypeAdapterFactory$Adapter,53,
com.google.gson.internal.reflect.ReflectionHelper,com.google.gson.internal.bind.ReflectiveTypeAdapterFactory$RecordAdapter,65,
com.google.gson.internal.reflect.ReflectionHelper,com.google.gson.internal.reflect.ReflectionHelper$RecordSupportedHelper,53,
com.google.gson.internal.reflect.ReflectionHelper$1,com.google.gson.internal.reflect.ReflectionHelper$RecordHelper,125,
com.google.gson.internal.reflect.ReflectionHelper$1,com.google.gson.internal.reflect.ReflectionHelper$RecordNotSupportedHelper,125,
com.google.gson.internal.reflect.ReflectionHelper$1,com.google.gson.internal.reflect.ReflectionHelper$RecordSupportedHelper,125,
com.google.gson.internal.reflect.ReflectionHelper$RecordHelper,com.google.gson.internal.reflect.ReflectionHelper,145,
com.google.gson.internal.reflect.ReflectionHelper$RecordHelper,com.google.gson.internal.reflect.ReflectionHelper$RecordNotSupportedHelper,250,
com.google.gson.internal.reflect.ReflectionHelper$RecordHelper,com.google.gson.internal.reflect.ReflectionHelper$RecordSupportedHelper,250,
com.google.gson.internal.reflect.ReflectionHelper$RecordNotSupportedHelper,com.google.gson.internal.reflect.ReflectionHelper,30,
com.google.gson.internal.reflect.ReflectionHelper$RecordSupportedHelper,com.google.gson.internal.reflect.ReflectionHelper,30,
com.google.gson.internal.sql.SqlDateTypeAdapter,com.google.gson.internal.sql.SqlDateTypeAdapter$1,30,
com.google.gson.internal.sql.SqlDateTypeAdapter,com.google.gson.internal.sql.SqlTypesSupport,150,
com.google.gson.internal.sql.SqlDateTypeAdapter$1,com.google.gson.internal.sql.SqlDateTypeAdapter,155,
com.google.gson.internal.sql.SqlTimeTypeAdapter,com.google.gson.internal.sql.SqlTimeTypeAdapter$1,30,
com.google.gson.internal.sql.SqlTimeTypeAdapter,com.google.gson.internal.sql.SqlTypesSupport,150,
com.google.gson.internal.sql.SqlTimeTypeAdapter$1,com.google.gson.internal.sql.SqlTimeTypeAdapter,155,
com.google.gson.internal.sql.SqlTimestampTypeAdapter,com.google.gson.internal.sql.SqlTimestampTypeAdapter$1,30,
com.google.gson.internal.sql.SqlTimestampTypeAdapter,com.google.gson.internal.sql.SqlTypesSupport,150,
com.google.gson.internal.sql.SqlTimestampTypeAdapter$1,com.google.gson.internal.sql.SqlTimestampTypeAdapter,155,
com.google.gson.internal.sql.SqlTypesSupport,com.google.gson.Gson,150,
com.google.gson.internal.sql.SqlTypesSupport,com.google.gson.GsonBuilder,150,
com.google.gson.internal.sql.SqlTypesSupport$1,com.google.gson.internal.sql.SqlTypesSupport,30,
com.google.gson.internal.sql.SqlTypesSupport$2,com.google.gson.internal.sql.SqlTypesSupport,30,
com.google.gson.reflect.TypeToken,com.google.gson.Gson,121,
com.google.gson.reflect.TypeToken,com.google.gson.GsonBuilder,103,
com.google.gson.reflect.TypeToken,com.google.gson.TypeAdapterFactory,15,
com.google.gson.reflect.TypeToken,com.google.gson.internal.ConstructorConstructor,124,
com.google.gson.reflect.TypeToken,com.google.gson.internal.Excluder,65,
com.google.gson.reflect.TypeToken,com.google.gson.internal.Excluder$1,150,
com.google.gson.reflect.TypeToken,com.google.gson.internal.bind.ArrayTypeAdapter$1,121,
com.google.gson.reflect.TypeToken,com.google.gson.internal.bind.CollectionTypeAdapterFactory,124,
com.google.gson.reflect.TypeToken,com.google.gson.internal.bind.DateTypeAdapter$1,68,
com.google.gson.reflect.TypeToken,com.google.gson.internal.bind.JsonAdapterAnnotationTypeAdapterFactory,124,
com.google.gson.reflect.TypeToken,com.google.gson.internal.bind.MapTypeAdapterFactory,118,
com.google.gson.reflect.TypeToken,com.google.gson.internal.bind.NumberTypeAdapter$1,68,
com.google.gson.reflect.TypeToken,com.google.gson.internal.bind.ObjectTypeAdapter$1,68,
com.google.gson.reflect.TypeToken,com.google.gson.internal.bind.ReflectiveTypeAdapterFactory,121,
com.google.gson.reflect.TypeToken,com.google.gson.internal.bind.ReflectiveTypeAdapterFactory$1,155,
com.google.gson.reflect.TypeToken,com.google.gson.internal.bind.TreeTypeAdapter,151,
com.google.gson.reflect.TypeToken,com.google.gson.internal.bind.TreeTypeAdapter$SingleTypeFactory,153,
com.google.gson.reflect.TypeToken,com.google.gson.internal.bind.TypeAdapterRuntimeTypeWrapper,103,
com.google.gson.reflect.TypeToken,com.google.gson.internal.bind.TypeAdapters,65,
com.google.gson.reflect.TypeToken,com.google.gson.internal.bind.TypeAdapters$29,68,
com.google.gson.reflect.TypeToken,com.google.gson.internal.bind.TypeAdapters$30,220,
com.google.gson.reflect.TypeToken,com.google.gson.internal.bind.TypeAdapters$31,65,
com.google.gson.reflect.TypeToken,com.google.gson.internal.bind.TypeAdapters$32,65,
com.google.gson.reflect.TypeToken,com.google.gson.internal.bind.TypeAdapters$33,65,
com.google.gson.reflect.TypeToken,com.google.gson.internal.bind.TypeAdapters$34,65,
com.google.gson.reflect.TypeToken,com.google.gson.internal.sql.SqlDateTypeAdapter$1,68,
com.google.gson.reflect.TypeToken,com.google.gson.internal.sql.SqlTimeTypeAdapter$1,68,
com.google.gson.reflect.TypeToken,com.google.gson.internal.sql.SqlTimestampTypeAdapter$1,68,
com.google.gson.stream.JsonReader,com.google.gson.Gson,223,
com.google.gson.stream.JsonReader,com.google.gson.Gson$1,140,
com.google.gson.stream.JsonReader,com.google.gson.Gson$2,140,
com.google.gson.stream.JsonReader,com.google.gson.Gson$3,140,
com.google.gson.stream.JsonReader,com.google.gson.Gson$4,125,
com.google.gson.stream.JsonReader,com.google.gson.Gson$5,140,
com.google.gson.stream.JsonReader,com.google.gson.Gson$FutureTypeAdapter,65,
com.google.gson.stream.JsonReader,com.google.gson.JsonParser,168,
com.google.gson.stream.JsonReader,com.google.gson.JsonStreamParser,115,
com.google.gson.stream.JsonReader,com.google.gson.ToNumberPolicy$1,130,
com.google.gson.stream.JsonReader,com.google.gson.ToNumberPolicy$2,130,
com.google.gson.stream.JsonReader,com.google.gson.ToNumberPolicy$3,140,
com.google.gson.stream.JsonReader,com.google.gson.ToNumberPolicy$4,135,
com.google.gson.stream.JsonReader,com.google.gson.ToNumberStrategy,75,
com.google.gson.stream.JsonReader,com.google.gson.TypeAdapter,95,
com.google.gson.stream.JsonReader,com.google.gson.TypeAdapter$1,65,
com.google.gson.stream.JsonReader,com.google.gson.internal.Excluder$1,65,
com.google.gson.stream.JsonReader,com.google.gson.internal.JsonReaderInternalAccess,75,
com.google.gson.stream.JsonReader,com.google.gson.internal.Streams,130,
com.google.gson.stream.JsonReader,com.google.gson.internal.bind.ArrayTypeAdapter,150,
com.google.gson.stream.JsonReader,com.google.gson.internal.bind.CollectionTypeAdapterFactory$Adapter,155,
com.google.gson.stream.JsonReader,com.google.gson.internal.bind.DateTypeAdapter,145,
com.google.gson.stream.JsonReader,com.google.gson.internal.bind.DefaultDateTypeAdapter,160,
com.google.gson.stream.JsonReader,com.google.gson.internal.bind.JsonTreeReader,250,
com.google.gson.stream.JsonReader,com.google.gson.internal.bind.MapTypeAdapterFactory$Adapter,161,
com.google.gson.stream.JsonReader,com.google.gson.internal.bind.NumberTypeAdapter,140,
com.google.gson.stream.JsonReader,com.google.gson.internal.bind.ObjectTypeAdapter,175,
com.google.gson.stream.JsonReader,com.google.gson.internal.bind.ReflectiveTypeAdapterFactory$1,130,
com.google.gson.stream.JsonReader,com.google.gson.internal.bind.ReflectiveTypeAdapterFactory$Adapter,86,
com.google.gson.stream.JsonReader,com.google.gson.internal.bind.ReflectiveTypeAdapterFactory$BoundField,75,
com.google.gson.stream.JsonReader,com.google.gson.internal.bind.ReflectiveTypeAdapterFactory$FieldReflectionAdapter,65,
com.google.gson.stream.JsonReader,com.google.gson.internal.bind.ReflectiveTypeAdapterFactory$RecordAdapter,125,
com.google.gson.stream.JsonReader,com.google.gson.internal.bind.TreeTypeAdapter,65,
com.google.gson.stream.JsonReader,com.google.gson.internal.bind.TypeAdapterRuntimeTypeWrapper,65,
com.google.gson.stream.JsonReader,com.google.gson.internal.bind.TypeAdapters$1,125,
com.google.gson.stream.JsonReader,com.google.gson.internal.bind.TypeAdapters$10,145,
com.google.gson.stream.JsonReader,com.google.gson.internal.bind.TypeAdapters$11,140,
com.google.gson.stream.JsonReader,com.google.gson.internal.bind.TypeAdapters$12,140,
com.google.gson.stream.JsonReader,com.google.gson.internal.bind.TypeAdapters$13,140,
com.google.gson.stream.JsonReader,com.google.gson.internal.bind.TypeAdapters$14,145,
com.google.gson.stream.JsonReader,com.google.gson.internal.bind.TypeAdapters$15,145,
com.google.gson.stream.JsonReader,com.google.gson.internal.bind.TypeAdapters$16,145,
com.google.gson.stream.JsonReader,com.google.gson.internal.bind.TypeAdapters$17,145,
com.google.gson.stream.JsonReader,com.google.gson.internal.bind.TypeAdapters$18,140,
com.google.gson.stream.JsonReader,com.google.gson.internal.bind.TypeAdapters$19,140,
com.google.gson.stream.JsonReader,com.google.gson.internal.bind.TypeAdapters$2,160,
com.google.gson.stream.JsonReader,com.google.gson.internal.bind.TypeAdapters$20,140,
com.google.gson.stream.JsonReader,com.google.gson.internal.bind.TypeAdapters$21,140,
com.google.gson.stream.JsonReader,com.google.gson.internal.bind.TypeAdapters$22,140,
com.google.gson.stream.JsonReader,com.google.gson.internal.bind.TypeAdapters$23,140,
com.google.gson.stream.JsonReader,com.google.gson.internal.bind.TypeAdapters$24,145,
com.google.gson.stream.JsonReader,com.google.gson.internal.bind.TypeAdapters$25,135,
com.google.gson.stream.JsonReader,com.google.gson.internal.bind.TypeAdapters$26,155,
com.google.gson.stream.JsonReader,com.google.gson.internal.bind.TypeAdapters$27,140,
com.google.gson.stream.JsonReader,com.google.gson.internal.bind.TypeAdapters$28,175,
com.google.gson.stream.JsonReader,com.google.gson.internal.bind.TypeAdapters$3,145,
com.google.gson.stream.JsonReader,com.google.gson.internal.bind.TypeAdapters$34$1,65,
com.google.gson.stream.JsonReader,com.google.gson.internal.bind.TypeAdapters$4,140,
com.google.gson.stream.JsonReader,com.google.gson.internal.bind.TypeAdapters$5,145,
com.google.gson.stream.JsonReader,com.google.gson.internal.bind.TypeAdapters$6,145,
com.google.gson.stream.JsonReader,com.google.gson.internal.bind.TypeAdapters$7,140,
com.google.gson.stream.JsonReader,com.google.gson.internal.bind.TypeAdapters$8,130,
com.google.gson.stream.JsonReader,com.google.gson.internal.bind.TypeAdapters$9,130,
com.google.gson.stream.JsonReader,com.google.gson.internal.bind.TypeAdapters$EnumTypeAdapter,149,
com.google.gson.stream.JsonReader,com.google.gson.internal.sql.SqlDateTypeAdapter,145,
com.google.gson.stream.JsonReader,com.google.gson.internal.sql.SqlTimeTypeAdapter,145,
com.google.gson.stream.JsonReader,com.google.gson.internal.sql.SqlTimestampTypeAdapter,125,
com.google.gson.stream.JsonReader,com.google.gson.stream.JsonReader$1,290,
com.google.gson.stream.JsonReader$1,com.google.gson.stream.JsonReader,30,
com.google.gson.stream.JsonToken,com.google.gson.Gson,150,
com.google.gson.stream.JsonToken,com.google.gson.Gson$1,150,
com.google.gson.stream.JsonToken,com.google.gson.Gson$2,150,
com.google.gson.stream.JsonToken,com.google.gson.Gson$3,150,
com.google.gson.stream.JsonToken,com.google.gson.JsonParser,150,
com.google.gson.stream.JsonToken,com.google.gson.JsonStreamParser,150,
com.google.gson.stream.JsonToken,com.google.gson.TypeAdapter$1,150,
com.google.gson.stream.JsonToken,com.google.gson.internal.bind.ArrayTypeAdapter,150,
com.google.gson.stream.JsonToken,com.google.gson.internal.bind.CollectionTypeAdapterFactory$Adapter,150,
com.google.gson.stream.JsonToken,com.google.gson.internal.bind.DateTypeAdapter,150,
com.google.gson.stream.JsonToken,com.google.gson.internal.bind.DefaultDateTypeAdapter,150,
com.google.gson.stream.JsonToken,com.google.gson.internal.bind.JsonTreeReader,313,
com.google.gson.stream.JsonToken,com.google.gson.internal.bind.JsonTreeReader$2,256,
com.google.gson.stream.JsonToken,com.google.gson.internal.bind.MapTypeAdapterFactory$Adapter,200,
com.google.gson.stream.JsonToken,com.google.gson.internal.bind.NumberTypeAdapter,53,
com.google.gson.stream.JsonToken,com.google.gson.internal.bind.NumberTypeAdapter$2,256,
com.google.gson.stream.JsonToken,com.google.gson.internal.bind.ObjectTypeAdapter,130,
com.google.gson.stream.JsonToken,com.google.gson.internal.bind.ObjectTypeAdapter$2,256,
com.google.gson.stream.JsonToken,com.google.gson.internal.bind.ReflectiveTypeAdapterFactory$Adapter,150,
com.google.gson.stream.JsonToken,com.google.gson.internal.bind.TypeAdapters$11,150,
com.google.gson.stream.JsonToken,com.google.gson.internal.bind.TypeAdapters$12,150,
com.google.gson.stream.JsonToken,com.google.gson.internal.bind.TypeAdapters$13,150,
com.google.gson.stream.JsonToken,com.google.gson.internal.bind.TypeAdapters$14,150,
com.google.gson.stream.JsonToken,com.google.gson.internal.bind.TypeAdapters$15,200,
com.google.gson.stream.JsonToken,com.google.gson.internal.bind.TypeAdapters$16,150,
com.google.gson.stream.JsonToken,com.google.gson.internal.bind.TypeAdapters$17,150,
com.google.gson.stream.JsonToken,com.google.gson.internal.bind.TypeAdapters$18,150,
com.google.gson.stream.JsonToken,com.google.gson.internal.bind.TypeAdapters$19,150,
com.google.gson.stream.JsonToken,com.google.gson.internal.bind.TypeAdapters$2,203,
com.google.gson.stream.JsonToken,com.google.gson.internal.bind.TypeAdapters$20,150,
com.google.gson.stream.JsonToken,com.google.gson.internal.bind.TypeAdapters$21,150,
com.google.gson.stream.JsonToken,com.google.gson.internal.bind.TypeAdapters$22,150,
com.google.gson.stream.JsonToken,com.google.gson.internal.bind.TypeAdapters$23,150,
com.google.gson.stream.JsonToken,com.google.gson.internal.bind.TypeAdapters$24,150,
com.google.gson.stream.JsonToken,com.google.gson.internal.bind.TypeAdapters$26,150,
com.google.gson.stream.JsonToken,com.google.gson.internal.bind.TypeAdapters$27,150,
com.google.gson.stream.JsonToken,com.google.gson.internal.bind.TypeAdapters$28,130,
com.google.gson.stream.JsonToken,com.google.gson.internal.bind.TypeAdapters$3,200,
com.google.gson.stream.JsonToken,com.google.gson.internal.bind.TypeAdapters$35,256,
com.google.gson.stream.JsonToken,com.google.gson.internal.bind.TypeAdapters$4,150,
com.google.gson.stream.JsonToken,com.google.gson.internal.bind.TypeAdapters$5,150,
com.google.gson.stream.JsonToken,com.google.gson.internal.bind.TypeAdapters$6,150,
com.google.gson.stream.JsonToken,com.google.gson.internal.bind.TypeAdapters$7,150,
com.google.gson.stream.JsonToken,com.google.gson.internal.bind.TypeAdapters$EnumTypeAdapter,150,
com.google.gson.stream.JsonToken,com.google.gson.internal.sql.SqlDateTypeAdapter,150,
com.google.gson.stream.JsonToken,com.google.gson.internal.sql.SqlTimeTypeAdapter,150,
com.google.gson.stream.JsonToken,com.google.gson.stream.JsonReader,235,
com.google.gson.stream.JsonToken,com.google.gson.stream.JsonReader$1,50,
com.google.gson.stream.JsonWriter,com.google.gson.Gson,232,
com.google.gson.stream.JsonWriter,com.google.gson.Gson$1,135,
com.google.gson.stream.JsonWriter,com.google.gson.Gson$2,135,
com.google.gson.stream.JsonWriter,com.google.gson.Gson$3,135,
com.google.gson.stream.JsonWriter,com.google.gson.Gson$4,125,
com.google.gson.stream.JsonWriter,com.google.gson.Gson$5,135,
com.google.gson.stream.JsonWriter,com.google.gson.Gson$FutureTypeAdapter,65,
com.google.gson.stream.JsonWriter,com.google.gson.JsonElement,83,
com.google.gson.stream.JsonWriter,com.google.gson.TypeAdapter,95,
com.google.gson.stream.JsonWriter,com.google.gson.TypeAdapter$1,65,
com.google.gson.stream.JsonWriter,com.google.gson.internal.Excluder$1,65,
com.google.gson.stream.JsonWriter,com.google.gson.internal.Streams,125,
com.google.gson.stream.JsonWriter,com.google.gson.internal.bind.ArrayTypeAdapter,140,
com.google.gson.stream.JsonWriter,com.google.gson.internal.bind.CollectionTypeAdapterFactory$Adapter,149,
com.google.gson.stream.JsonWriter,com.google.gson.internal.bind.DateTypeAdapter,135,
com.google.gson.stream.JsonWriter,com.google.gson.internal.bind.DefaultDateTypeAdapter,135,
com.google.gson.stream.JsonWriter,com.google.gson.internal.bind.JsonTreeWriter,285,
com.google.gson.stream.JsonWriter,com.google.gson.internal.bind.MapTypeAdapterFactory$Adapter,158,
com.google.gson.stream.JsonWriter,com.google.gson.internal.bind.NumberTypeAdapter,130,
com.google.gson.stream.JsonWriter,com.google.gson.internal.bind.ObjectTypeAdapter,140,
com.google.gson.stream.JsonWriter,com.google.gson.internal.bind.ReflectiveTypeAdapterFactory$1,130,
com.google.gson.stream.JsonWriter,com.google.gson.internal.bind.ReflectiveTypeAdapterFactory$Adapter,74,
com.google.gson.stream.JsonWriter,com.google.gson.internal.bind.ReflectiveTypeAdapterFactory$BoundField,75,
com.google.gson.stream.JsonWriter,com.google.gson.internal.bind.TreeTypeAdapter,68,
com.google.gson.stream.JsonWriter,com.google.gson.internal.bind.TypeAdapterRuntimeTypeWrapper,65,
com.google.gson.stream.JsonWriter,com.google.gson.internal.bind.TypeAdapters$1,125,
com.google.gson.stream.JsonWriter,com.google.gson.internal.bind.TypeAdapters$10,140,
com.google.gson.stream.JsonWriter,com.google.gson.internal.bind.TypeAdapters$11,135,
com.google.gson.stream.JsonWriter,com.google.gson.internal.bind.TypeAdapters$12,135,
com.google.gson.stream.JsonWriter,com.google.gson.internal.bind.TypeAdapters$13,135,
com.google.gson.stream.JsonWriter,com.google.gson.internal.bind.TypeAdapters$14,128,
com.google.gson.stream.JsonWriter,com.google.gson.internal.bind.TypeAdapters$15,130,
com.google.gson.stream.JsonWriter,com.google.gson.internal.bind.TypeAdapters$16,130,
com.google.gson.stream.JsonWriter,com.google.gson.internal.bind.TypeAdapters$17,130,
com.google.gson.stream.JsonWriter,com.google.gson.internal.bind.TypeAdapters$18,130,
com.google.gson.stream.JsonWriter,com.google.gson.internal.bind.TypeAdapters$19,128,
com.google.gson.stream.JsonWriter,com.google.gson.internal.bind.TypeAdapters$2,140,
com.google.gson.stream.JsonWriter,com.google.gson.internal.bind.TypeAdapters$20,128,
com.google.gson.stream.JsonWriter,com.google.gson.internal.bind.TypeAdapters$21,128,
com.google.gson.stream.JsonWriter,com.google.gson.internal.bind.TypeAdapters$22,128,
com.google.gson.stream.JsonWriter,com.google.gson.internal.bind.TypeAdapters$23,128,
com.google.gson.stream.JsonWriter,com.google.gson.internal.bind.TypeAdapters$24,128,
com.google.gson.stream.JsonWriter,com.google.gson.internal.bind.TypeAdapters$25,130,
com.google.gson.stream.JsonWriter,com.google.gson.internal.bind.TypeAdapters$26,150,
com.google.gson.stream.JsonWriter,com.google.gson.internal.bind.TypeAdapters$27,128,
com.google.gson.stream.JsonWriter,com.google.gson.internal.bind.TypeAdapters$28,170,
com.google.gson.stream.JsonWriter,com.google.gson.internal.bind.TypeAdapters$3,130,
com.google.gson.stream.JsonWriter,com.google.gson.internal.bind.TypeAdapters$34$1,65,
com.google.gson.stream.JsonWriter,com.google.gson.internal.bind.TypeAdapters$4,128,
com.google.gson.stream.JsonWriter,com.google.gson.internal.bind.TypeAdapters$5,135,
com.google.gson.stream.JsonWriter,com.google.gson.internal.bind.TypeAdapters$6,135,
com.google.gson.stream.JsonWriter,com.google.gson.internal.bind.TypeAdapters$7,135,
com.google.gson.stream.JsonWriter,com.google.gson.internal.bind.TypeAdapters$8,130,
com.google.gson.stream.JsonWriter,com.google.gson.internal.bind.TypeAdapters$9,130,
com.google.gson.stream.JsonWriter,com.google.gson.internal.bind.TypeAdapters$EnumTypeAdapter,143,
com.google.gson.stream.JsonWriter,com.google.gson.internal.sql.SqlDateTypeAdapter,135,
com.google.gson.stream.JsonWriter,com.google.gson.internal.sql.SqlTimeTypeAdapter,135,
com.google.gson.stream.JsonWriter,com.google.gson.internal.sql.SqlTimestampTypeAdapter,125,
com.google.gson.stream.MalformedJsonException,com.google.gson.Gson,50,
com.google.gson.stream.MalformedJsonException,com.google.gson.JsonParser,50,
com.google.gson.stream.MalformedJsonException,com.google.gson.JsonStreamParser,50,
com.google.gson.stream.MalformedJsonException,com.google.gson.ToNumberPolicy$3,30,
com.google.gson.stream.MalformedJsonException,com.google.gson.internal.Streams,50,
com.google.gson.stream.MalformedJsonException,com.google.gson.internal.bind.JsonTreeReader,30,
com.google.gson.stream.MalformedJsonException,com.google.gson.stream.JsonReader,30,
